-- phpMyAdmin SQL Dump
-- version 5.2.0
-- https://www.phpmyadmin.net/
--
-- Máy chủ: 127.0.0.1
-- Thời gian đã tạo: Th7 18, 2024 lúc 02:36 AM
-- Phiên bản máy phục vụ: 10.4.27-MariaDB
-- Phiên bản PHP: 7.4.33

SET SQL_MODE = "NO_AUTO_VALUE_ON_ZERO";
START TRANSACTION;
SET time_zone = "+00:00";


/*!40101 SET @OLD_CHARACTER_SET_CLIENT=@@CHARACTER_SET_CLIENT */;
/*!40101 SET @OLD_CHARACTER_SET_RESULTS=@@CHARACTER_SET_RESULTS */;
/*!40101 SET @OLD_COLLATION_CONNECTION=@@COLLATION_CONNECTION */;
/*!40101 SET NAMES utf8mb4 */;

--
-- Cơ sở dữ liệu: `ec`
--

-- --------------------------------------------------------

--
-- Cấu trúc bảng cho bảng `categories`
--

CREATE TABLE `categories` (
  `id` int(11) NOT NULL,
  `cate_name` varchar(255) NOT NULL,
  `cate_image` varchar(50) DEFAULT NULL,
  `p_id` int(11) DEFAULT NULL
) ENGINE=InnoDB DEFAULT CHARSET=utf8mb4 COLLATE=utf8mb4_general_ci;

--
-- Đang đổ dữ liệu cho bảng `categories`
--

INSERT INTO `categories` (`id`, `cate_name`, `cate_image`, `p_id`) VALUES
(1, 'Nhà cửa và Đời sống', '/images/dm3.jfif', NULL),
(2, 'Thiết bị điện tử', '/images/tv.jfif', NULL),
(3, 'Điện thoại và Phụ kiện', '/images/dm2.jfif', 2),
(4, 'Thời trang Nữ', '/images/ttn.jpg', NULL),
(5, 'Thời trang Nam', '/images/ttnam.jpg', NULL),
(6, 'Bách hóa Online', '/images/dm1.jfif', NULL),
(7, 'Ô tô - Xe máy - Xe đạp', '/images/dm4.png', NULL),
(8, 'Thực phẩm tươi sống', '/images/dm5.jfif', NULL),
(9, 'Đồ chơi - Mẹ & Bé', '/images/dm6.jfif', NULL),
(10, 'Máy tính & Laptop', '/images/laptop.jfif', NULL),
(11, 'Máy ảnh & Máy quay phim', '/images/ma.jfif', NULL),
(12, 'Thú cưng & Phụ kiện', '/images/thucung.jfif', NULL),
(13, 'Thể thao và du lịch', '/images/tt.jfif', NULL),
(14, 'Nhà sách Online', '/images/ns.jfif', NULL),
(15, 'Sắc đẹp', '/images/sd.jfif', NULL),
(16, 'Sức khỏe', '/images/thuoc.jfif', NULL),
(17, 'Thời trang cho bé', '/images/be.jfif', NULL),
(18, 'Đồ chơi', '/images/dc.jfif', NULL),
(19, 'Khác', '/images/khac.png', NULL),
(20, 'Ốp lưng', NULL, 3),
(21, 'Thiết bị đeo thông minh', NULL, 2),
(22, 'Phụ kiện Tivi', NULL, 2),
(23, 'Đĩa game', NULL, 2),
(24, 'Linh phụ kiện ', NULL, 2),
(25, 'Loa', 'Tivi', 2),
(26, 'Headphones', NULL, 2);

-- --------------------------------------------------------

--
-- Cấu trúc bảng cho bảng `check_voucher`
--

CREATE TABLE `check_voucher` (
  `id` int(11) NOT NULL,
  `user_id` int(11) DEFAULT NULL,
  `order_id` int(11) DEFAULT NULL,
  `voucher_id` int(11) DEFAULT NULL
) ENGINE=InnoDB DEFAULT CHARSET=utf8mb4 COLLATE=utf8mb4_general_ci;

-- --------------------------------------------------------

--
-- Cấu trúc bảng cho bảng `comments`
--

CREATE TABLE `comments` (
  `id` int(11) NOT NULL,
  `product_id` int(11) NOT NULL,
  `user_id` int(11) NOT NULL,
  `content` text NOT NULL,
  `created_at` timestamp NOT NULL DEFAULT current_timestamp()
) ENGINE=InnoDB DEFAULT CHARSET=utf8mb4 COLLATE=utf8mb4_general_ci;

--
-- Đang đổ dữ liệu cho bảng `comments`
--

INSERT INTO `comments` (`id`, `product_id`, `user_id`, `content`, `created_at`) VALUES
(1, 3, 5, 'Sản phẩm Ok', '2024-06-20 15:23:26'),
(2, 3, 6, 'Đẹp lắm shop', '2024-06-01 16:04:56'),
(3, 3, 7, 'Ok', '2024-06-03 13:57:22'),
(4, 3, 5, '<p><strong>Đẹp lắm Shop ơi</strong></p>', '2024-06-04 12:52:04');
INSERT INTO `comments` (`id`, `product_id`, `user_id`, `content`, `created_at`) VALUES
(12, 1, 5, '<p><strong>Sản phẩm d&ugrave;ng tốt ạ&nbsp;</strong></p>\r\n<p><img src=\"data:image/jpeg;base64,/9j/4AAQSkZJRgABAQAAAQABAAD/2wCEAAYEBQYFBAYGBQYHBwYIChAKCgkJChQODwwQFxQYGBcUFhYaHSUfGhsjHBYWICwgIyYnKSopGR8tMC0oMCUoKSgBBwcHCggKEwoKEygaFhooKCgoKCgoKCgoKCgoKCgoKCgoKCgoKCgoKCgoKCgoKCgoKCgoKCgoKCgoKCgoKCgoKP/CABEIBAADAAMBIgACEQEDEQH/xAA1AAACAgMBAQAAAAAAAAAAAAAAAQIDBAUGBwgBAQEBAQEBAQEAAAAAAAAAAAABAgMEBQYH/9oADAMBAAIQAxAAAADMcVi2JBJxKmRElKLUlFkkCNxatoG4tJOLJCBiKbTG4uG0U3GUDTHKEqYmDREhOm0QxSEBTYDcZAxDABiGIJSgxtCACtxkApIJgNBJJjQDEiSESISGIGJgIHKuQxByonnQ0xiBuLslKDJCFm4hJAjaYMRJxdshEjExtBJoG0qmJjEEnFjFKBoG4upCCQiJOJTkgkoyJIcMBBBaxBMRDITsaGMQNwkNASEDEwBAJgmhiBiYxIkIG4sYg5UTzpiYxBITRuLtk0ibiyQmEotG0qk4sYOAAkAraEkkEhCyadjcXEhMAKbTBpjByJpq2lY3GSuUXAxDQDIysZGSgOQkRJJFSaIUkUxBJJjSY0AIQMAaBiFYhG4hJJHMCM6kIRglk4SSThK1tESlFkiLptCScWraBtASi0k4SG0DAGIJOLqTiyQgkIJNIk4sbREhOwEK5RY3FjIsYKRgKSiU5QkMBBiJCBuKJiBiBiBkWNIJJNWnFGJEkIbixpBy7jLOmANoqM04YwbAbTpuLGBUnFySEDaYAEiLJoRICm0QwCThKpCIbRUhA2mNxY3FjEDAG4g2mNMAFDE7HKLGIG4sYgYA3FgJg0AIGJg4sEgYkSEEkgaEcw4yzpuJUnFw2nTAJNESE6k4sbiyRFowBuMgaBtMbQScQkRkMETIum0Q3FjadNohiBtOgTBoJCBtETIg3CdiaYMFYhJEWMiEhA3FjEDQAIGAAgTQrEIwQxA0I5lxedSlCQNOmCgnF1JxY5RCTQNoG0waCTQMGjFIGgkgG0xiByiVJoJOLG0DcWMTGJwNFDTGgRjSsQScRJOLG4tWIRiCSAGgYgYgYgACSSBpiYgAGJgIGCXmHF5smnQ4kTQxiY3GVNxkNxY2mDTGCJNBIQknEJCko77Yw3lRMcviQJKwcWScAmRCZAqwg4lKATIlSdbJkJEnAhyg6kIRtA2gYgbQNxBiAaAYhtIYgGgZEJxAGgYIaAaEcyDzpg6jNCyIykbjIYnRJA2mNoG0xiY2gk1jpk1+e8Bz6fQup+e3HuFXjE69is8aR7jZ4Uz3u359jJ9Bv52gfSMvmsPpVfNET6Yt+YYx9OWfLka+ravlVH1Tf8nkv1jD5SK+sbfkoj6zl8lFn15P5Aa/SfXfHsrPsXN+Lpn2jp/mv1jLuyuzrhiWpIQNArcWjEA0A0AgGIGIptOBACAYmcw05ptMJRCTi4bi7ZCcjFKmJjAG0EhMbjIXkPX+Dc9JVbXp2jmQly+tk2Yc53yzElNZBjOawsHM1Xo+BcUrXkvVRVirCaTEAAAMs1KnF5oRkG21Haef6+Gb+Xg/W86dG7OZx+wd5+e0+j6H0/H13vPzbse/5z6wMDOvMcXqDTBpDcWNJDEwaQ2gYFAKGIAABBzYE1IQSBwMVNpjacMTptAwBtMYmOUddHjHD7DXtbDKi+P33KBOtjgNTlVKanKpyvR72G/LojZx6/L1xsizWPZBrTZBrTZo1psw1j2Qaw2Yax7K2a13dYew8H61zlLzfb9E6/x7pPb8fS5ePfx+jfz3Q89LzfHemcN6Pznbe8/In016fynQpHTmwQ3FjEDQhkWrARiBgAJgIAEMEc205tyixiaNpgwUlFo2hW00GmMTG0x8z03GZ14Qqr9dNg0cPuyE2hhK5RbTaJZNNoalNMHNEk25OMptyi5ubi8dJyhKdbJQlntOUJY62TrnOmRsdS512z1cpvZmulNNjzTQdDrevi4H3nwf1r638z9nTWuYAAA0mCAZGQAAAMTARTEQIYAHNuLmm4yG0waYwcrAocZI3FkhENxlTEyXCd3wcvhN9F967Bo8/wBxiFYgcoEtjqbVpW2rnQ5bpY7aynjTavePKbvdTatlRLPS6VEs9MiWNZntkSx557XzoljtkTx5563yonnpfKmzHS2Vcs9J4OZr9cfP/S/L/UPufyn3mLW8A1DQUAoGmDQMQMSJCBpoGgABiDm2nNNqQADacAKpiYMYmmNpg0xgyXC9zxeb4HdVZvpsQXn+4xANENoUGlYiakRkrcXK3FtTdcpq2dM22pQmpyqljdk6pZ62zqlntfPHsx3unTPHe+VVmO9ttV2PROxW8u0ddtdVvz+dem+Zerfof5P7khXDBUwQAQNOgTENQAAAAANFAOATXm2EshBJxCQmMTJCYxMYA2gbQNoSfH9fymdfPzT302Ajh9tiIkJEgFYhb17Mu+/FX63yObyZ65ql85PcNBb5dLsdDza5+9cb015yevaaa84l2tPLXIy7yM3w8tr1vPrwE/VtJevEWY9vk9V9tF/L13ZFOVx9tthPj6I6jc6Xt5POvW/JPXf0P8m9oJK4AAcXQCGJgAAECAAKBOGIoaAaZzonnTExtMGAMBtCtpowAkgkADTHzHT85m/OrRveyizh9tNOACmIWQmvYPjnu+q3+Rve/Ten8LD2jo/nU3r3PzXR4+XoXS+KTj2+/wAKe9ejdd4Us6+heA852mddZ1Pji579bp8slnrdZRZ5PTlZONl+f6ORm053k+oO18u9Wh6LnvR4POfYfHvY/wBF/JvZE1rmACacCCmNAIAAABoAAGgAFDaVc8BnTaYSixgxiCTjKBp0wBtMGAxMlz+/0cfNrFrpskzh9oEDE1BMdq+sO98S2v1Dq/VfjTR/e/yfxecI9L4uH3v11uPW+AY77S+W1yM+Nm/tx+x8QV/cRHwdhfRfzn5dz2He/UO9fImg+48Levh670Dz75vvzNhh7X5/3cvNV/h+tCNqxuvm+n5j0/N849p8W9u/SfyT1lONwxOgAQEDRQIAAYKGIACgAAQwUc+BNMTG1IGmDGrE0AYNMYASTAGPUbfmM354A3rYtLj9tgxDVAB6p9YeI+k/Q38zcHXDy36k775Y+yPXn4p+xfkzS417x7P8cfY/XPw/9M/M3acr6N4V0WEfYvxL9nfMHWcMe0cVz1548L03i+ovJPbPhn0Wr6A+bd/5fR9efHn2j8vT1870GNu/y/66ErF5vZXG2KV8p13I+v5fnPufhnu36T+S+oJrWAAGgTAaAEAADQhghoBoABDEGgGZ0NMbTGDgkmAMAdDGAMTAGMOc6PRZvzfG+jetkBx+0AU0FAFfU/RcZ6L9DfxRCcPFnffdPxH9t+t8iea+gee8Z3n2X8Z/Zvovw9zfSa/jNX6j53sa+5uE8R8s7a+ofU/gb3pLdZ9A/Pd19F/B33v8FYQvx8/xd/tPwnv/AD7wfqcZ2x/Pfoao2qyqNsSvju04z1/J85968G+gv0n8m9CBawxMAAAAABAAgGhiAAgBUAAmjRA86AkJphJOG06GpQNOhpwxOmJg0x4eXix8x4udg61sxmPtIapKZYlJ6nqn1d8BfYnr38u8x9z8GcR9Enh/W+B6u6Pm5dt9n/GH2f338P8A1B8v7XN9w8g0uNZ7h81/e/nu3yN7n0HsebV8k+ofPTX378c+8aHy+7587/cT/M/rnFrwfWSkogpKoKaSHEdzwns+P5/9C/PX0T+i/lPcAt82AMEDENAAAgYIABDQAIAZCArRNGdNpjaYMYNSEwG4yCSBoYNMAAoyMKPmvX7PWau0QT7ID3BD1AFY83BWnu/S/Mr669f8kqTLEZxufbvnk1vY68MlJOOx9p+cOgx9D37gef33z/t+f9L0S+T9saPB9QAyEAACjOIk1YuA9A8+9nxuD+jfnP6O/RfynsUG8MAaaBgCABMEAAAmgAgApAAAaJjzpikJgNhK2pCGxDEGSEMEMBhRrNnrpfnTU7fUabVBv64BqNBcoa1JJMTATJzUDcbrh7+Ofpe48X1fK916OeH6/J7nZHh+qNPz+wE6EOQABMpDBDBAQlII+dejeb+74fE/SHzh9J/of5X1SDeGDEMAEg0KJoAAAATE0AAJMEMNGwzpgwYEgYMBgQMagxAGJhTQBg5+JL84abd6TTZtHb6YC0YixrJ6Lj6+Vs9I3vzvu+Yb3uj5/wBrQ7i1+H6zIvj6GCsYEoAACMHuIb0TZ0iJG0ST1IEyq3MIKwyr8z9Q8t9PwuO+lfmr6Y+3/L+kTWubABopgQAgABMBNANAmCTQhESQVpWnnQ2KNNG01bRDASTToYQAxMQ0OlReR81aLo+c1dkKfp+jGW/7bw/b4Pr+oXxf1VdqPnfZYnnQgVoYAwAsAAAgbfQMffKbfWRkHSBduufHnzudt4fD5lm+pT8vl81yPQzjw4B98Zz594j9YfMP1/m+afTPzR9M/qfxfQAbwAxDVDTgQAAAAJghoEwSaBMhAq07TzpgxMBtSBqUo00bACSUaAAQUgUkz5z5bq+Wuuq73NzPgf1Zifz/ALQDkBNQAAYgcJhQAoJwNvtkkP0Qay988WzrOj+b87jeh3EvjfLdkX5fFJxe8to3G4hJJVL5e+oPln7ng4H6b+Zfp39j+Y3bRvDTEAaoaAaEwBMEACAABAgTjAmzTic1JAMTVtNHJSlGMJJgNiUnEWwRJVBuR83c10/L3Xuedr9h+U/tDA5dhpgJ0AQA6GhQAAIGPccld6M15fQdF8/5mm6CM/i/Im4y8/GU4S3ibjLvltS75BnSIa2E1ofKv1T8ofX8HH/TnzJ9PfpvzG3YawAA0DABMRAKACGCGhDCI0KLAGjUKRnSY1AaDGpIcNtg25VIYiQRJIQ2kJOR84cn2nFXXt201O2/K/2YafL0JgAFAAMJQCwAlAdNz6i+fWdW7PjfGtnXPx+W2dc5ynOE9YlKMvRiUoy9GXJPvltPrAZ1kVOO0Pkz6z+Rvp/O5z6e+YPqf7X5vOGb5gAAAwUTESklBghoQMScQTCJJCGGnGZ0DAaY2mSlC2VtTlG2JycRJMgTdQJkVybr544b0fzi32nc6Td/lv7IAcfUNMEyhoGhwCYNFGZd1Xm8deXCXy/l2zrnz5WWVzzzssrs1zsnXZ6eU5Rl6MSafbMnF9MycZdctp98pSXZD4/+wfjn6HztL9V/K31b9P8AO3g9c0wVDETGqGIhioZYgcsRoipMSkhKSEmjUgZ0xgpJgxjsqtllIlKSJwmSVNuIuSqJNEJNnhflvq/lOnsm+5/oPy/9iAOPsAIGAASjTBhYbefReTwEk/n/ADnNSxmU4zmJWQnrnZZXLvztnTLvi6VM+uLZVS64scHvM5Vz7ZnKEvThqR3zD4y+z/ir3/Ow/rD5R+sfb+fYG8AyRAwBqhiCZSGQhpUSBKSEpIiSiIkjTsM6GmDTBgOcZLfOM81yU5U3KVNsiTIgTCDk68Q8i9k8b3PYej5rpfy/9gBnD3IbhDBA4GSFupb3y/PGS8PgGTkJKcxKUJdMTdb3m2VJ0mS8ae85E8WzpjIni3d+dtmPPtztsot9GLJ1z9POTT7ZPiT7b+H/AG/Mn9YfKf1b6fgRYawDBDABiYUDBDcsQdIahDBKSIxmhDDTMM6YAmMGpAwL78bKzpzU80cnKibWJMIFiINyk8c8Q928K6T1vqeV6z8z/XEN+b6MSQiJOIysszKNwbfzeO2UZ+PwOUXnMnESwrVlxQbtxQtMhY895tlHH65y7cKXRnW4Fvp551uFf6uGVZRd6OF04WejjIDrk+HPuH4a9Xy9l9W/K/1R3+DAHvAMhDBMdIYAAm2RUhUMhKSEpBAmiDkGkJLNBipjExgxjzMPJlyJqfPbkSlJNwibK3MWssE8h8E9+8C659Z6/j+y/M/1mLkeT6UXJpGbyM5WfHN4eaeVXb5fHJpZ5yLo3EVlY/TFcYSz2Uo4u25ji43o5Szq8nUpw6J3psp4eN6OeXZr8jv12GTg53fyZmTTlerxTY+/EGtyv4Z+4/hv0fK6H6j+Y/pzr8KIG8DGJjEMEMgUikMEwAalFIIkgiNlbmjRMJoEIwBtCuUWSsrlGxtpyeXQsLM6i3KESkVuTissZ5B8/fQ/zx3x6v2vEd1+Y/qsXJ+L6cJyumY5McrlxnlV5Hn8s5xlz5Nxdxm4ebrPTw2GI8frqduBk73ZqsrVZ9PQaXO0urutfmT688/RXaadur02TqfRNnlanP763O21u+9HxrLyfr8A2bwouO7i/Dn2/wDEHf5PZfSvzb9J7+HAkbwiREW3USQIZAN1EmRFWBW7AgWFVlhFZYyotS86TJYOTIEmQcwi5Mi5MzM3E2nHrXO2fPVDyGUPIIoMgsx3kB5D85fS/wA09Xqvf8D6L+Y/p1ErpfP+nVbO3POOQrufGdys48ExzKi4WxpeP06lcKeved+vq7burqje04wV3NRVslE0nOqXXOTttT3P0Pn5m2Uvo/m5Sgb5TUVpJRNXXfEn2t8U9Pkd19N/N31br4Wje7NY0z3JWne3cah7YrVm0F1psg1z2DjXyzWYRmhiGUGMZIUF4UxyUcg9iS66WfI1zzwwXnMwHnMwZZsivOrtxtzgZtjrZYQCwgVN1ieWfMf078xt+q+leaeoflf6RXKcvn/TjY7M4LlZy5OaeeY1EdLo6brx5YnT1GOU9vTKMVvbSjbKIrRxFkLJ6Zoz+i6X7Hy8DdUz+t8W8qd4WlQlqgVMgjU/F32V8a34vpP1R8tfUmfgjRvA0DaBiYAlYmAAAAJwCBoBiABGlByoAYAxMYSHYnLKyuUs3GUNxZIiEiLG4SPMvmH6h+XW/VPVfK/Z/L+3wLs4+v6Mey0+xzjIPeFJdNpSPNujHz38ztotd18Pkeri4dZj/L9fMx6KPl68+ujuOWXaZ3flwe27Oft8ul30X9HwXqB042OsktdZnNrqEtKkXKpGk+PPrv5E5fB9R+n/AJl+muPwADeAAbQMAAAAUABpiGCGQhsiMEMNGBKAwBg1Ic25U2BOMlJJw5RBiBiSSIs87+Wvqb5Yb9V9s8P9u/Z/Yk4v2/Qk4k7sQ7MQ6txJ0kIzuRF51KUDnbHW+K11vhbZUy4rnTLjbpUvGbnU85sdQlxUpLnQqvVKq9UKXRfJf1X8qeP85639L/Nv0l5fzyYbwAA1KATVDEALWghgQJgmACYJoaCtGDzU2CZIcyUo0wYxMYxMYCjQgIBxZwHyv9VfLDfpXuPhfuf7H6khP3e5gTuAOwA7gDsCM9G4k1JxM6mQeLN1y52brOWrZUy5LnS8LnS8y0qSXKkLlStW4pC1Vmbzfy59OfMfzPy3sv0f87fRPg/OoHvAmQAUwIAAB2oZCaYAhgQmAm0CCtIJ5oMHaSgY1UkxMAYwEDaBpME0CCzh/lf6r+Vs9O/938F95/Ze9uL93sYh3mkT0SEO7ETuA52iMbQJuRFZ3JwJZlcsasdUsatIPCZAymoolGKqZG3Mjb2PaeH4Pn/RdMeP8/5d8N/dfwr5vD7h9B+A+/8AmygNYAYmAAwEDTFAAAgABMAaAAADRicpapytpjYhtMYgYIYA0IYmCFQJJyHyp9XfJ86d1734B79+x9bdb+h65OBO83BzvIi56W4j0SIk7SIjs0RvRoTbSJuREmpzrnmycZYjEQJqEzruPm1fpmbL4v4gBcPliFZ5l8N/b3xDy171714V7r5tIDWWAAFAyBMoAgAoBSsCAAYKgCAarRWK3GhhDaKbQMAGmJgAgkkAIppJGkjmfkr64+R5vtPoD58+gf2Hobi/peluJPQ2iehuLeluI9MiJO8kk7NJXtJRV6SSG24ObtlXLEscJYScXIB0vLhm+hi/Pfz9pHPwiSZaitY8q+KPs/4w49PoX2/xb2ry9YtPeQAGmJgAEACjAQIYAAQAABQNRqgM6bRDaKYANANAxAxA0nYhAISNJVovkX6++Qs9Or+hPnj6H/YdBxf0+4gnoYiepuI9EnEelsJ6ECvoEK9hCdgiXpIi5qxweVkq3iWuEsTP9i02+/P/AIRpLyfDcYrWGoxvKShDXLyT43+wPj/h6vpD2Xx/2Dx+lAayDBMABiYAAAmqYAACZCGCadJgalhz2Si0BqgYCaGmhiYgAQWCEJCsZFmr+PvsT47z06X6K+c/ov8AYRiPq9RSWfQAp6mJvUOLnoYh6WgehAr6BCdyLV6ADcnElnKuWJZ3mo9T+P8Al5KMfkfjZRjDXGcIR3xnCEdcJwhDfn8g+R/q/wCUfJ9X6Y9c8o9X8PuBPWQZQBANABTQSgwQFAEAEAFAAAGqB89IYAAwQAUCYICUQRrk8aZ7OJHWmgsBBhfHH2R8bTfQ/Rvzd9H/ALDnJwf1tScXnuNOegAnqAU9TEnobinpkkPSIV9AA7IG6Joll0t/pXyfzU3CPxvxFkK4a81kaob89kao781kKoa89kKodPN498s/TvzF879J9R+p+Y+neD6aB6yAADoTQNOUEA06TAQEDQNMEMEMjUgY0NMHFqCaCRTEAIBxaeGZnqHi3n4e/Qi/V2HFjSCj41+y/jab230l80/Sn7Dg3F/Yy3EnSbgZ7TSJ6WkT2iCeoEPQ2h6QCegTHcDb4mr77b7L5H4/JjRHwflciFEb5ro0R35boUw35roUx357YVQ1wshCO+HjfzT9HfOXyP2f1Z6T516L8764BvIMBMoTIAAAUTABDEQNMBOkMACNUNY2AQJqgEjQUCQ0IQo2S8p9U0/LGp67xb2iZELv0YIh8b/ZPxzNZX0v8y/TP7DyjS+3wkRCRFzbcJY9TQY94Ie4aJ6GJzqEtnlq87pNz5Pi67pNfPwfls8wny+flxxVfNkxx1eF8aFrhdCqOuN0K1rlOMVcSio3Hivzx9BfP3xP3v1p6Bwfe/O+umG8gADAAVAQAUAAmABAmAANMoAjUgue2gpDSACpONgCAIoQcabhJPHvQMPk/Hx9YBezsAqXx79hfIOdw+m/mD6f/Y+BCf3vENNkaedDHOyJyx6KTJsz0xbcq7Hnx85W8vnZt2Dbw+XsLMG7l58yeJPnzy3jPHPIKG5XFSc7VAYkojLQrGhWNITw3wT3fwj4X9B+ve343svnfVANZGFAEoBQMEACYCYJpwAUJkAFDTNOOPLbEUCEBAgiNJU4kbHEQyIHh3uXnfl5dvm8D3vfYI3X8ifXXyRN6/6f+XfqD9j8yThL9B86TiTnMiSTcHFkqnOdtlM8+e+3Ht5+W+3Ht58ci3Ht5c8m3Ht4877Mezni91SzLXXLOJuDkkIkkgAQgCqRETwXw323xP4H9C+xut5Xqfn/AFGBuNDgAACgCBNUNAxEMQNMoAAABqNUBjaAIqSEmrIxnEipJIpxojIIDA1uycnhvuHi/pnl57tSXr6nyZ9Z/J81pPp/5e+n/wBj8ixwl+h+RIinKdWFoWejzK+U567SWDn3xyshZz5ztrs58Z212YxbZVbyzfbTZyxbOqeM2zqliWShLMm4PMlTdzNTx+h2nP6vNb3m9j0+ds0LPJiD598Y9h8e/P8A9D+zOm57ovB9JNPUABoABDQDQxAAAAmDQMTpNOBoNUTjjaTVIaRJixUooq5xsSYJOIAhNI4bW+geIeTl71AXr6y+VPqr5Vmuc+n/AJf+nf2HxbnB/o/hyEOPLTjj3r9DfPnt/h/xPrbLqea6f6/552Rs48JWQs54lZGeJOyuzGbbarOWbLK54k5QniSlCWczcXE+S6zSW+gbTxp+D9PvIanpvb+ftQs+UE6+dPJfVfKfzv8ARfszpNRtvD9BiNRgDEAACAABiBiAAGIGArEwANYms6QJECBEQiQpoSAhUnBGRYREr8U9q888/Ppd55p3fXew+Yfpj5y1vhPp35h+mf13w8oT/T/npSjKc8PnutnLyp1GTztWVGzHllOM8YnkY/Sebvpbeps8Pu5KfV4F46jI6HEw1c9qZ54Fm2hz66iGRjej5UpRd4ycSMOOwYpxMmRaJxlXzN510mD+Y/pX2PlRfm9TaKYgkgAQAgbiwExoBiagANCMAYmurEs6aIjioo0kKKVMiiSiiUUAlEnh+d+X4+h6lxOn9Hx6/OsWm3hwycamjv7Of+hvnj1n9R+L9Kkn+y/KucZ5wSU84dkLM5nONnPLmpYzK2FnNOdcsJzjbg5yt5oTuu5XGebZhgS2LxrXOL6eKTjOQY4QIAVj0+4+Z+H0fMvVvKPrT8r/AEbuiLuJCFkIRiFaAAEYCjQjE1BoYmACDGqYGqTMajFxRQlClGURBzEz00MDPtEK0iRH5F2finP6eFBvl96W50Ot34IZVVE+RsVCqfb1eRdrPX+e+ktl85eyfvfxvVTVn0flRmpzLyK9r5emJPNfl74VttPTz9zPh5eL29scRVM94cFBO/PPYSeiLzqvM9HXmteZ6avL3md/Lzqnfk9Nl5b6p5vURxzx/TtKvGO3n9r1XzVxFvpnll3s3xf1NX0PTZw7zE9ZbTUYgBDAGIGAMTGJgADTAGDTGgNUms6jCcEjCUSKkqPFPasbnz8n9g8f7bHPpVKHf0RTwpfLvPd7i8f0mpln4OPdZ0GP0+vNwlXa6vGuYxep0876GnZ4vT5mrhvsjt83X77SYPv+d2MeNXbl3/0f8j/W/n3fdbRw1g/Mv1RxPXPzpX2Q1w2J6RTz150vT7c68qPWcnLx1e02y+InueTHgub7nnHz/Z9I5Vz5B9Z8ltbjq9Q9Lm5/y39EVL8s9v71bnfM9bXLWZuMtSUoyG1IQAhoGAAxMAYAwAGJjE2kYNQA1UbI5tcbIlUbIlcbUVko1X5J6/quXKWZ5R6vbXptto9+jxnDt1XH9FkY8qMejI2/PZLW7w5Zdy9BW+fdVZUbiru+J9J7fJ7vFya+nyMR5MIebhGs9hdwmez00NDdrO4NWizQ7HHzrHd1kuLdO2KDIqoFEeTh5tmxu1Gw1i9Y2Ou41lc4xOi1uwMq2u2pScobbpsY2EJMpMABiGAxiGAADTAYDGJjEMNYpxza42qqY3RKlZErjbGKiyNvBPt/GPP5/W9HRpu30POOa3PP8ftk6XjdxWTeZu+ZNZvjWY622RsdL/T/ACnJ78Pc7fCNtvw+vVc7vb8y3LwNjeOXdPPudLG2JVl4mcY+Rj9KmtfW1azzD6Wk0Vm5F1Fe+w40MMnGiatoXEvqmb+nVlks/D2RlX0Xk5RlEmnTacSBABQDAABobABoBgMYm2JgDTAGasiSiAIsK42QIRlrprO5Pz7gsfU7DRHScvZzmr3l3HPN1+k4u/qea4vZaCY1hUunzrnRNcnZKfP68rsq1vDlttRvGJK7etaHoNdrLz9j6PxP1vv+X2Ou3WmeTOlj26ynXkRRnYmcmXVXCy6qKtnKFkUu6sxcvG2pfz+w0RsHrdkXbDX7c1m01G7snbCZZOEom1KhjGmhMAYxMAGxSABsiSZFtiGCJAmNItkupTSoGJSRGMkYXhvQ+V8vsSuwr+f2bKHgSdDRSuHxsnYafP6/o8jT7LTLqtfudJv4k95q91O08idmPq7Nre9PHhay6yfntNp87Bdun1FO1z+k1Xpnmew35fdMerM9H5TGcsiRWEbDY4uwIwymY90WuTiXQTFrzqqxM7DsTX419GNLc4+bqY9inZTvud6YTkJKcJVOUJE2iGKVCGKQxNsRJkZDESBMBEkiY1TABMADUApQAE4i5/f+O57+f4VmDw/T7jf6PNub+Vt07zbSWi2HH4m+owuzv6/W6Lp+ZbwdZs8J4J7jVbF1vz9JkT09hbz+z38KPG9DyM+bdt9PtN/Wn0+t2mfo8zGdd6+wdNzXU+j8jiGRi3jOBGTL2WgyK6mXLs6iPLwOqr5iRv6tFGN3TrMgMTJkbZZq1NbKdZh9ZyPZFSnFCQiUkyTUqbU4i5SIuTqMmADRAwGKhkIZSGgBiGyIw0yalaSHErlp+cPd/BMfSwKLcPl93Px1Zntj2uUuvyMhTOz2Wsx27dSRxqvW52u6fOzM7XZrpaOOfX1GQZGfymn5jrdJ0/Sa/pdf0UuBjLWa1KzG3tz6z0eM/T+TePTtrjV05lWcxyse2WZSktjW1kSyLMUyyMS8KhsMDq7MW7ottZ5/gd7w5j9Rq9ssVY0rlYyqVsiqVjIORYmOVMdiYCbQMaoGCYIYJSEQNUAjTS6REZWKMpjTxTR+De7+D4+nq7VTy+vbOVOPRkGJZne0uoxNZswYvGnGypKMHKo7fMsysLKz1yNtpu2x53yWZp83obOcn0+nv9LmVtYUtpgRk9xzXonb5fql3PZHf8/q8nOa4cM+xNTk590Yd+TOzGsulFbkiuu8rCWdI112bOyl5AmFPJJZShMkyYpuZCVgkHN21liSDkEW2QGABKA7ExqJpGAqBpFgANUDOfi450VzoIY9lC4Xhvuvl+fX53VmUc/ra+Tr595yreelrpump2F2qUX4u+WBe9xv5mgyNphTp0eTRl+f8/w6tq1+wbBZXz2mmBnZOf08+V6rx3oXT5GZbRfrxqUmkJTmQlZNKZXysxzMkYjzEYpmSTCeYGJLICgvCh3MqnbMrnOdRnJiGyJJpAmiJMWBISssRAmiJNLEkIlIEAomADEDEAc2hZ1HHtx1hRbQY/NdJrZvyrR95zOfocxTvMPHu1by4Z6wujc0yx2VQyLdcK9w9h0+TqdZ02klzcTWZnP0Yde0jPfrMjJyWll1F5S3FHfa8u53OHsunzbLzIZjK6dlErpJVOckjKUiMpTKyySUu5lLtREmFZNEZDokTkTbtHGQAAANME0xACGgGgTBJghoTAFJIACYKCDmlNZ1j030rRj5FBja7Y6+a0HL9jrnXgcbrdLn2aRZcJ6cWeRbN40s2y8cPbZmw34cK3KLyxKNnUabXdRXNcm+nTroc7ZZJqNts90zjdCs9xuzKMm4yL6r7myxWJGUpIpEgkpjkmjlF03Fldg4UZhAmyDm6jIIAKTAAEBCsTAQMRA0UAAACaAYRYAAAAhghh//xABaEAABAwIBBQgOBgYGCQMEAwABAAIDBBEFBhITITEQICIyQVFhcQcUMDM0NUBQUnJzgZGxFSNCYqHBJCVTgpLRFkRjk7LhJjZDVHCDosLSYJTxF2R04qOz8P/aAAgBAQABPwH/ANQ8vcb/APHIby9//U57qfJx52H/AKa5f+BZ3R/xEv8A8O+X/jnyeah5QATsCbTzO2RPPuQpKj9jJ/CjTT/sZP4V2vN+yf8AwrQy/s3/AAWik9B3wWY70T8Fmu5irFa1r80jzSdW1QyNkfZuc71RdS4zhdJwXSRGQfZbeZ34ah8VJlexveYKgjpkZEPgBdOytmJ1U8P788jl/SqU/wBWox75P5oZUSg+C0Z98n803KqQf1Wl/vJf5oZWu/3SH3VEoQyu/wDtWf8AupE3LDnpfhVv/kv6Ygf1d9v/AMs/yX9MWcsEv/uv/wBUMsYuWCf+/b/4oZYwfsJ/72P/AMV/TGn5YJvjEfyX9L6M7aeb4RL+l1F+wl/hiQyxoeWCT+6j/mv6YYcdsL/7hn/km5XYYc7Phdt1fUN/8kMq8J5Ynf8Atx/5IZV4NyxH/wBv/wDsjlTg37M/3B/8kMpsFJ2H+5d/NDKXA9fBv/y3r+keBHo/cev6QYF6f/S/+SGUGBel/j/kjj+A3434u/8AFfTmAk9+t73f+KGM4D/vP4n/AMUMZyd5ah38X+S+lsnj/XLe/wDyUuOUIxlsLJ2GiLm3lvsFta+kcn3bMSA6yhU4K/iYrDfpITKemm8Hr6d/7ykw2pa3OazPbztN0QWmxFj54qJ2U8ZfIdXzWJYuyLXPdxPFhafmVW4vU1gzJH5sPJEzU3/NCY2sNQ6EJUJStItKVpCtKVpVpSjKUZlpTzrSFaUrSdK0hWkWei9Zyz1nLOKzis4rPPOs885WkPOtI7nK0jucrSO9IrSu9IrSO5ytK/0itK7nTZ3DYVQY/iFE4GCrmZb7ywzLrTWjxinZO39o3gvC7ZpJmCainEsJ59TmdY8zcvkD3iNhc46gsZxUh5ftdsjbzdKfI57i55JcdpKGtMiP2k1jQhbmCurhXHMFq5gjbmCqgGkW5VnK6urq6urq/daSk0zM4mwX0aPTX0aPT/BfRv319G/fRw13phOw+UbLFPhfHxmkK9lQYhPRyh0TtXKFgGJx4gwNY7h+j08yPnTKKsEMWZfpd1KeV00rnu5UBc2CjYGDpV1dXV1dXV0CqvYD3Das0rNKzSrHmWxNTxbfYeLUrN+WhwsQqqgDtcWo8yc0sNjqKoKt9LOJGE9Nlhtc3E8PbUNI0jbCX8ne/wCfnO9gspKvTVD7HUTb3DcgbYXO07++69uc0gp7S02Pdr72KMyPDRtKjaGMDRyakNzJbBqOvjM1ZO4uzi1tPFreenqWLZNYa2me6N01HK1pcNPxXW6VhNPHO6V84c5kbRwQbXJNhrRqMNDiDQTatXf/APJQuw2omjhFNPEZHBofpAbXU8L4JXRytzXDkWIUukZnN4w/FcqyNxTtOu0ch+pfwXDoO38iv/jzliU2go5H9Cr3XqCPR1JutwCHc3NDhrRp28hK7W+8u1vvLtb7y7V+8u1fvLtU+ku1T6S7UPpBdqO9ILtR3OF2o7nC7Tfzhdpv5wu05OhdpydC7Sk6EyheeMQFTwNhGrbzppAcM7WEHM9E7fwRLbGw13WGV02H1Omge5pPBdmm2c3lCyjxv6Sk0VLpGUIs4RvN+FzrCaiKF0zJ3FjJA3hAXsQbo0uHucT9JDX/AGLlBFQU08c/b4k0bg/MbGbutyKpnkqZnSzOznncxGLRTm2w61TyaKZjuYrBZzNT8I3Ngfy/JFDzeFlEf0MDnKnOdM89JUIvJuDy+IMLxpCQ3oWZS/tH/wAKzKb9q7+FaOm/bO/hWjp/2x/hTo4Q0ls1zzW3mLsvE13MdzJObPZH0x/y/l5yyqfo6Np9ydxj1qDj7y+7fyIIIb0dyxIXpH7mRkv6RGz7n5uR84BZYeAM9YJ3GKg4x391dXV1dXV1dXV95dX3L7y6ur7oQ3Rvq/wSTqV1kWf1jF6h+aPnALLA/oUY5S7UE7jFQcc+QXV1dXV926urq6uroFXV1dXV1dAq6vvMQP6JJ1bmRg/WEPqO+fmQd1Cyvb+hxyfs3fNO4x61Bx/Ir7o7kDvQgghu4l4HJ1bmR1+36bNG24PV5yyu8VO6x80/ju61Dx/JL7l+5A7wIIIIDcxTwOTcyJ8PZ0Rfmj5wCyrF8JkUvfHdah4/c9DIRxHfBZjhe7Tq26tncwjvr7oKCCCCagN3FfApNzIjw3qi/NHzgFlT4om6lL3x3WoeP3PI/F6maOoppNEY6aje6P6sXu3ZrWDVhxinxl2IOijHarQXNZawDttkzJqkqqrD3UVU99HVl7M4ts5rmi6oMKbU4fiFQZCHUrmC1uNd1lPktSNxWPDoq/Oqi/W3M2Mzb/FVGT8ElRSx4dV6V00uiMcjcx7Tz25lQYVQ0sOMdq1jKsspHte0s1tdzhUmTNPUwxsjxBhrpI9I2INuNl7X50/A3ZuFOgfpBXcHZxXXsQsSpm0eIz0zJBK2J5Zn86hZLDguEmiweCsMkF5HFh23UeDCt0tdWzQ4dFLM5jGEfaG0DoWH4Ho6HG6SqMLJYnRfXO2NbtvfqRyYe6vo4aepilgqg7RzN2cEawqvAdBSVU8dXDMKdrDJma7FxtZU+AzzjDiySP8ATGvcL6swN23U2Tcgko+16qCeGol0IlYdTXdKnyclj04FTBJLDE6V8bTcixtZS4fJDhlPWvc3Mne5rG8urlWFS4ZDT0kXafb1XOfrbkjM16gF9FUNFV4zUSRmpgo3tbHEDtLufqWOUtPJhVLidJAadsrzG+K9xccoQQQQTU0IBWVli/gT9zIbwuTojHnLKbxRN1KTjuUXHHc8msRhw+oqnVGdmy0z4hmi+s7Fg2IQ0lDikM2dnVFPo2WHLdYPj9PQ0WFtcHukpql8jwB9lwtqUlfg9LhmJU9BLPI+pzHAvZbY69lW4rRT5XOri6btV1uHHwXt4Nr/ABVTlJSwGhc2d+ITwTiTTOizCGWsW9KircEoxibqWqmkfVwPa0OYQG3+yqTKLDY5qWRta+GnEYa6lbDqac3aSsmp+18CqaupjOjpHmemeRqLnAtsPesYo2UsdDJpHOmqYdNIDyXKxHGSMMwiKgq5WPigLZRG4tsbrBMaifhEVNJiDKOohe4l0sWkEjXa/ijilBWtxiKprXBlQYmRyOZrOby2HIqLEcOw+qwmkjrGyxU5lkkntZt3N1ALAJ6WWhxSgqqltN2zmOZI/ZwSoarCI5MJgdUxTRwQysz3jgh5OokcydilGGYcyStpHyR17XvMLMxobbb/AJrBqq2VhewGSKaV7HZuu7HGyyuexlfHQQm8VFGIR0u2uPxWTkNHS4Z2zHX0ceJSiwMru8joHOsFLKLEq+FmKQ6VzRmvfwopuU3WVOIB9FT0XbMVRMHmWR0XEbyBo3AgmpoTQgrbmM+BO925kJ4RP6jfOWUg/VM/qqXjlRd8HkV06rqHUzad00hgbrEedwR7lJI+TN0jnOzRmi52Dm3Lq6urq6uqCvqMPlMtHKYpC3NzhzJzy9xc4kuOsk8qur7gQTU1MCaFbdxvwM9e5kE20tR1DzllD4qn9VScZRccdyYx0jg1gJJ5lQ5H4tVMD9AImn9obKTITFGtu0wPPMHrEsJrcNfm1tO+LmJGo+/eUVDU10mZSQvlfzNF0cnMWH9Qn/hTgWuIIsRvG4NiDmhwo57H7hX0NiP+51H8BRwfEP8Ac6j+7KOE14/qk/8AdlVFLPTEdsRPjvszhbdpaSoqnZtPC+V33W3X9HMWzc7tCa3UqmknpnZtRC+M/eFtwJiYFG1AKysrLHfA/fuZB/1g9XnLHfFc/qlScZR8cdxjaXuDWi5KyRyaiwunZPUsD6xwvr+x0dalkZCwvle1jBtc42Cp8VoKmTRwVlO9/oh4uqmniqoHQ1EbZI3ai1w1LLLJ44NVCSC7qOU8An7J9E7mTWStVixbLLeGk9MjW7qWF4bS4ZTCGjiDG8p5Xde5j7bY1Xgft3/NRRPkNo2OceYC6exzDZ4IPMVhzNLXU7PSkaPx3PiviviuylbtKhvxtI75bmR2TTsXk09TdlEw2NtrzzBUlLBRwiKliZFGORoVxe3Kqulgq4TFUxNlYeRwWVuTxwmUTU93Ujzq+4eYpqYFC1MarbzH/A/3tzIMcCo6/OWMi+Gz+qn7VHxx3HseYcKzHBLILx040nv5EdQWVmOyYriDw157VYbRs5OvrWebrsf46/EKd9FVvzp4RnMcdrm/5LHsPbimFVFK4a3t4B5nDYsnKdkuUNFDUMu0zAOaVU1NPQ0xlqJGRQsG06gFS5WOxPKOjpKNujpC+zieM/UfgNzKDx5X+3f/AIlkJQQU2AU00bW6adue9/L1Lsk4dA/Ce3M0NnieBnD7QPIsmY9Jj+Ht552fNXtr96qcSqjPIW1M4u4nvh519JVn+9VH945fSld/vlR/euVTVTVJBqJZJCNme4lUNO+rq4qeLjyuDB71h9HHQUUNNALRxNzR09Ky7yjlo5O0KB+ZLa8sg2joC7bm0mfpZM/0s43WQ+UMla40Nc/PmAvG87XDmKxWkjrqKWnl4sjbdXSpInQzvieOExxaVC26hZYIDe5Q+CD1tzIMfUT+t/Ly4eSY/wB6h63f4Sn7UzjjuPYthtQVs1tbpA34D/NZS1BpcAr5W8YRED36vzT9u5kTUmmykojewe/RnqOrcx9z8IytqZaewdFPpGX6df5rGMarMWm0lXJe3FYNTW9QWRJ/0nw/2n5Hcyh8eV/t3/NZL5XSYRTdqzxaenGtljYt/wAllVlRLjbWQsj0NM052be5celZDs0mVFAOZ5d8AVWu0dFUP9GNx/BYVkdiGIMbLJm08RFwZNp9y/8Ap7wfGHC9n/msXyMxGhY6SMNqYhtMe0e5EWOtdjunE2UkTjsiY6T8vzR1DXsWL1TqzEqmocdckhduYJUmkxWlnabZkgPu5VNsKyqh0ePVFtj7P+IVJDquUG232UXgzPW3MhR+izH738vOIWOj6qD1/wDtKftTOOO49jHxDN7c/ILLn/Vet6m/4gnbdzAyW4xREbRMz5o8q7IItlPU25WsP/TuZE/60Yf7T8iuRZR+PcQ9u/57l12OWZ2UsR9GN5/BEAix1hYxlVh2GSmJ73TTN2siF7dZVNl3h0kgbNFPCPSIDh+Cp5oqmFksD2yRuF2uadRXZDwBjI/pOkZm67TNA1esuxa39a1Z5RB/3BVpzaOc80bj+Cdt3IzZwRd9S31QsoIe2MaL/stYAetBgaLBW32Ung0frbmQw/QpPW85Y20mCIgXtIPkVUC0ibxh3HsWTZ1BWw8rZA/4j/JZVQGoydr2DWdEXD3a/wAk7buZLQmfKCgYP2zT8NaKy6k0mU9bb7JDfgBuZE/60Yf7T8iuRZSePsQ9u/5qhw+rr3FtHTyTEbcwXsqyjqKKXRVUL4n8zxZYLilRhFaKmlzc+xbZwuCCp8ucUlhfGNBGXC2cxmsdWtPeXG5KuuxjiL+2p6BzrxuZpWjmI2rFqcVWGVcLhcPicPwXYxkzMbnYftwH8CFUs0lPKz0mkfgpBmvIO0atykj0tRGwfacB+KxbFg28NIbnYX83Uj3DKXvEfrbmRgtRSdfnKu8Dl6lV9/cm8Ydx7HOICkx0QvNmVLdH+9tCe0PYWuF2kWIWUWFyYTik1O8HNBuw+k3kO52M8Kc+tfiEjfq4gWMPO4/5KomZTwSTSm0cbS5x6AsRqHVdbPUP40ry8+/cyJ/1ow/2n5Fciyk8f4h/+Q/5rIWCGLJmkMNryAveed112SaeGTAdK8DSxyNzDy69oWQ+DUmM1lRHWOf9XGHNaw2vrWL5D0TcOnfQ6ftlrc5gc64PQnCx17nYwonuxCesIOijjzAedx/yWLTimwyqmdqDInH8FkjWihyhpJXmzC7Ru6natzLHDnYfjlQ231Uh0kZ6CqWklqHWjbfp5AqHDo6azncOTn5u5ZTd6i6yhtWR/gL+vzMO6Vngsnqqu7+UOMN+NyJ5je17CQ5puCORZJ4/FjNEM5wFZGPrWc/3h0LF8Io8XhEdbFnW4rhqc3qKhyDwtkoc+Sokb6JICpoIqWBkMDGxxMFmtbyLsg5QM0TsMpXgk9+cP8KKssi9WVGHe1/IrkWUvj/EPbv+ayfymrcGY6KHMkgJvo5NgPQsfyhrMacztktbGzixs2DpWTeKuwjFoqoC7BwXt52naqWoiq6dk1O8SRPF2uHKscyPocSmdPGXU0ztbiwXDvcqbsfU7ZAaite9nosZmqipIKGlZT0sYjiZsAXZEx1mhOGUz7uJvORyfdTTrWTGUUNXhDTWShlRCM19/tcxCykraXFo2xdr5wYbtkdqI6kxjWNzWNDRzDueU3Eh96btCyR8Xu6/5+cqrwaT1VX+Eu60NvcqSpmpJmzU8jo5W6w5psQsM7IFRGwNr6Zk/wB9hzD/ACR7IVJm6qKfO9ZqxjLiurGOjpWtpYztLTd3xTnEnXu4VWuw7EaerjaHOifnWPKv/qJq8Xf/AM3+SxCpdWVs9Q8AOleXkDp3mA5QVuDv/Rn3iPGifraf5Kjy/pHsHbVLNG77hDgpMvMMaOBFVPPNmgfmsXy1ra1pioY+1mHlBzn/AB5FFhlTOc54zAeVypsJgi1yXkd07E0Bos0ADo7rlPsh96bxgslBbDvOVe/R0kjuhYj4S/rQ7pfuVlDTTSngMc7qCgwed3HzWDpUGEQM74XP/BRQxxC0bGt6h5BlRth6imcYLJXxb7/OWLeLpur81ifhT+s+RgFRUc8vEjcfcosGndxy1nWosEib3x7ndWpRUNPFxYm+/WhYah5HlRx4upM47etZLeKx1/l5yxTxfP6qxTwt/We7hjnbAocOqZNkZA5zqUWCPPfJGt6taiwenZxs5/4KKlgi4kbB7vKMqO/ReqouO3rWTI/VY6/yHnLEddBP6hWK+Fv6+5BBhcdQUOG1MuyMgdOpQ4Gf9rIB6qhwqmj2tL/WKjijj4jGt6h5ZlR4TH6ih743rWTerC29fnKu10U/qH5LFvCnde4Nm+ihfKbMaXHoVPg079clmDp2qDB6dnHznlRQRRd7Y1vUPLbKyssqfCo/UUPfW9ayc8Vs6z5yqtdLKPuH5LFvCTuDZugXVLh09RYhtm85VNg8MeuUl5/BRxsjbZjQ0dHlgF9gv1JlJUP4sEn8KbhlW7/ZW6yhhFV/Zj95fQ9R6UXxX0NUelH8V9EVP9mf3lllA+nxFscls7Rg6ioO+t61k94qj6z5yIu0g8qxttqt/XbcbsCAuqTC5p7EjMbzlUuGwQWNs93O7yuON8ptGxz+oKLCqh/HzYx0m6iweId8ke7q1KOhpY9kLb851poDeKAOrf8AZDP69/5TVT9+b1rAPFcXv85cix/w2T1tyhw6apDTbNZzlUmHQU+u2e/nPlTGue7NY0uPMAoMKmfrlIjHxKgw2mj2t0h53poAFhqHR3Psgn9fu9mz5Kn781YD4qh9/wA/OWxqygsatzhsJuE3aqLwWL1B5TBTyzn6phPTyKnwpg1zuzj6I1BRxsjbmxtDR0Id1y9N8oZvVb8lTd/Z1rA/FcPv+fnI8UrGdrOofJN2qh8Dh9QeTwU8s5+rbcc/IqbDY2a5vrHc3IhYCwFh3fkWXRvlHU/u/wCEKk8IZ1rBPFdP1fn5zxrjN6ghtWHeAw+oPJY43SOzYwXOVNhzW2dOc8+iNiaABYagEPIDsKy215R1fWPkFR+EMWDeK6f1fOQWODhD/wD3OhtWF+AQer5JS0TpeFJdjPxKhjZEzNjbYIbg8gPFKyzN8o631/yVF4S1YQLYZTep5mHdAsfGs9f5lDasJ8XQer5ExrnuzWC7jyKlo2xWdJZz/wABuBDcHkDuKVlcb5Q13tCqPv3uWH6qCm9m35ecgsohaV3Wf8R3MI8XQer5DTwumdZuwbTzKCFkLbMHWefcG4ENwId2dxSsq9eUFd7Uqk777lRaqOD2bfl5zysj0dXIPf8AE33MG8XQ9XkFLSum4R1R8/OmNDGhrRYDdG4Nwbg7s7YspteO13tnfNUffT1Km8Fh9Rvy8zDuuWgtWu9ULlWB+LYvf3ekpdJZ8nE5Bzoatm6N0IIId3OxZRG+N1vtnfNUXfD1KHVDH6o+XmRvdgsth+mH1BuYD4tj9/dqOlzrPlHB5G8/kF+5Hk61jhvi1Wf7Z3zVD3w9SZ3tvUPMjdvdLbgWXA/Sv3NzJ/xazrPdaOlvaSUdTe533o3BvBvebrWLm+J1XtXfNYeLyn3IcUeZAhvLdyy5H6Q31NzJ7xa31j3Skptj5R1N7ndXV1dAq6BV1dXV0ChuDdPJ1rEjeunP9o75rDO/+8fPzMzu2W7eET/Zj/FuZN+Lv3j3GysqWn2PkHUEO43V1dXWcs5ZyzlnIFXQKuggghu83Wq7XVzesfmsJF6lvrN+aPmVu6N/bdCy4H/9f/cNzJrxefXO/srINUENjnO2pvcLq6urrOWcmDO1lwa3nKc1hbeN9yOdRlpPCNm7SnPBeSBYHkWcg5AoFAoIIbx+oKq8Ik6ysF8Lj9dvzR8yhN2bo3ttyytuZc7G+zPzG5kx4AfX34Ca1MYmhDeXQBOwE+5de5dXTOE8Am112v8Ae/Bdr/f/AAVs6TNYc7pTab0nfBOgHI/X0prfrcx5zV2v9/8ABCn+/wDgr2cQDeyBTSmlNTQhvJeIepT99d1rAReti9qz5o+ZoyhvBvbbuXfe2eofmNzJbwF/r74JrUwJoQ3bpsT3C4At1p8b2C7hqVHxnLNfKXOaNRPKn3aSHDWExj3i7bW60+J7RctuOgpzgSbbFR8ZxVU68zujUqMcAu51LKI23PwTc6aXX8eZVZ+uPUFQ7Hn3KZ95nddkCgU1MTAhvZ+8u9U/JS98Kycbeuh9sz5o+ZmbUENwDuOXne4vVcjtWSvgUnr70BNCaE0JoQ3WjOcBzqqNi1jdQsjI/MzL6lCc2ne9UxOmGs7FUG9RbqCqXaNjY2agqNx4Y5E88N1tl1R6or85T33c485U4Pa8fMNqznPcBfOOwKFmjZbl5VLJnSuPSqU5sAPvWdfXzoOTCo9ajCaN9VeDS+o75KTjrJcXrYfbs8zhM2IIdxCy+H6PF1ORWSfgkvrj5bwBAIBNCaEN4DYgjkUjopQCXZpUmaOK4lOkaKYNaeEqd7WSHO1alM8aYuYb8qkfFMBd+a4J0zI2ZsWsn7SJQnYynAzrutsV1DUszM2TVbUmPp2G7S0KerGaRHrPOr6k6djafNa4E2sg5NcoyqcXUbUBvq42o5z/AGbvkU/jLJXxjTDnnbv7btlZWVlZWVlZWVlZWVlZWVlZW7rEgEArKysrKysrKyssvW3p4Bz53yR2rJAXpp/WCzUArKyDUAmhAIb0olEolXUbWOje57rWV0Srq6vvmlQC6pYtVygN/iZth9T7J/yKfxlkiL4tSD+1/JaErRFaIrQlaErQlaErQlaArQFaFaFaFaFaBaBaBaBaBaFaELQhaELQhaFq0DVoGqysrKysrKysrKysrKAa0GoNWas1WVlmrNWas1Zqy7FoaXrd8k7aVkd3ip62/mrKysgEAgE1DelEolOKJRcroncPcIxdwAVDR5gDpNvMh3DFjbC6r2L/AJJ3GWRAvjVF7X8iuRau63V1dX7loFoFoFoFoFoFoVoFoFoFoFoFFDmqysrKysrb7L/wak9Z3yTuMetZGd6qetv5qysrbgQCG9uiU4olOKJRO9O+pqaSc8AavSOxUdGyAatbvSKHccaNsIrD/Yv+SdxlkL47pPaH/CfL79wCG5feX32X3glJ7Q/JP4561kVsqv3fz3bKyAQCG9JRKcU4px7nBDJO60TS5UuFNbrqDnH0RsTWBosBYIbt97fcx0/qau9i/wCSdxlkH48pet3+E+Zh3bLzwGm9r+Sfxz1rIn+tdTdwNJ5EIyhGgwLNCtvM0Ixp0TuSyfG8fZKej3BkT5OIxzuoKLDJ38fNYOnWoMMhZrkvIenYmANFmgAcw7pdZQn9SVvsXJ3GWQAvjlP0B/8Ah8yjdHdMu/F8HtfyT+MVkIM6WqH3W/NBjRyd2c1ruM0HrTqSF32bdRRoI+R7gjh3NJ+C+jT+1HwQw3+1/BNwxn2pHfBNw6Abc53WVHTQx8WJo9yG+urq6urq6urq6usoz+pK32RTtq7Hw/XcPqv+XmQeQZdeK4vaj5FP4xWQPhFV6g+fk992+5feXV1dXV1dXV1lIf1JW+zKO1djvx0z2b/MY8hy58UN9qE7asgj+lVPsx8/Jb7l926vuX3Lq6urq6urq6uspT+o6z2f5hHaux0P1uPYv/LzEEPIcuPE3/Man8YrITw6o9n+fk99y+7dXV1dXV1dXV1dXV1lMf1HV+r+YR2rscD9au9i75jzCPI8t/EjvXape+O61kJ4wm9l+Y8qur7l1fcurq6ur7zKg2wOq6h8wjtXY3H6yk9gfmEfLwgPI8tPEUnrN+an76/rWQx/WUvsj8x5ddX3Lq+6xrpHZrGlzuYC6p8FqZNcpbCOnWVDgtKzvmfKfvG3yWXtPDDkjXaKJjOKNQ+8Edq7Gw/TpvY/9w8wDyTLHxFN1t+aqO/PWQ/jR/sj+XmONjnvDWNLnHYAqLAybOq3W/s2/mVBBHAzNhY1g6N3sim2SVZ1s/xI7V2NR+l1Hsf+7y8eS5XeIaj3fNVPfnLInxq72bvMWH4fLWm7eDFyvP5Kjo4aRloW6+Vx2ne9kg/6J1PrM+aO1djUfX1Psh8/LgPJsq/ENV1D5qo765ZF+OP+W5HygdwwnCjUWlqQRDyN9L/JNAa0NaAANgG+7JZ/0Um9oz5orsaj6yqP9m35o+WAeT5T68Dq/VU/fHLI3xy31HeUDuGC4ZpbVFS36v7DT9rp3912Tj/otJ7Vn57nY2HhR+435nywDyjKPXglX6im74Vkd46Z6rvl5QN/g1B23JpJR9Qw/wAR5u49lA/6Lu9sz89zsbj6uqP3Wfmj5zx/xNV+zKqO+lZIeO4up3y8pG9o6d9VUNiZy7TzDnUMTIImxxizWiw7hddlE/6Nf85vyO52OB9RV/ufmj5zxvXhFX7Mqo757lkl47h6j8vLQsHou06e7+/P1u6OjfXV1dXXZSP+jrPbj5Fcq7HA/RKo9LPl50xgXwuq9mVUcf3LJTx3T+/5eW5P0FyKqYav9mPz3b7l1dXV1dXXZSP6hi9sPkVyrsdD9BqvWb8vOmKeLqn2Z+SqOP7lkv47pus/JcnleC4d22/Syj9Haf4/8lsFgr7l1dXV1dXV1ddlI/qSD23/AG7nY78XVHrj5ebjvsR10FR6h+Sn74smdWN0vrfkuTyrCMNdWOz5Ltpxy+l0BMDWMDWABo1ADcurq6JV1dXV1dXXZRP6npvbfkhtXY8H6rn9p+XmzH8T7QYxkRtK/Xs2BYJi5rH6GbXJyOHKjvq7wKb1Cp++uWTnjql9dcnlOE4Sai0tSC2Hkbyu/wAk0BrQ1oAA1ABXV0Srq6uiUSrq6JV12UD+q6X2p+SG1dj8fqiT2n5ebMp4p24hI+bY/inoWSB/WOv0TZHfVfgsvqlVPfXdayf1YzSeuuTydrS9wa0FzjsAWGYQI7S1dnP5Gcg6+dXV1dXV0Srq6uiVdEolXXZPP6upPaO+SG1ZAD9SOP8AaH5ebMUo2VtI+Nw1/ZPMVh0jqKuaTqcx1iEx4kY1zdhFxvqnweT1Sqvv7+srAdWMUntAuTyaioJqrW0Zsfpu/JUVJDSN+rF3na87Srq6us5Zyurq6urq6urq6uuyef0Kj9d3yCbxgsgvEX/MPms7mUdLoazTN4svzWTlVpKcwuPCZrHVvp+8P6lW+FS+sVgvjal9oPJaellqO9t1ekdQVJhsMVnS/Wv6dg9yzlnLOWcs5Zyurq6urq6urq6urrsnn9FovWd+SbxgshBbAGeufNuLU3bdE9g4w1t61hdSaWsY/kvYraLjZvZe9O6liGqsm9YrB9WKUvtB5E0Fxs0EnoUVDI/jWYOlQUcMesjPdzuQcs5ZyzlnLOWcrq6urq6urq6vvOycfqKEdL/yTOMFkOLZPxesfID5Ud5jVP2tiD7CzX8MLAqntihAJ4UfB3sne3dSxPw6b1ysL1YjTe0Hdg0nkKETzyJtP6TvgmQRDaL9aZZos0W6kHIFByzkCs5XWcrq6ur9y7Jx4FD+8o+OFkWLZPwdZ83ZSU2motK0cKLX7lk9U6GtDXGzH8FHeP4hWLeMJ/XKw7w+n9cfPugQQQKCBQKBQKBQKurq6ur90C7Jx8BHQ75qPjhZH6sn6b3+bntD2Oa7YRZVETqSrfEdrDqVFMKmkjl5xr6947iFYx4xqPXKoPDYPXCHdAdwIIIIFAoFAoHcv3fsnH62i9V3zUfHCyTFsApeo+b8qaazo6ho28FyyWqc5skBP3m7x3FKxvxnUeuVR+FResENndAhuDcCCG4EENy/dQuyd4RReofmo+OFkt4gpPV834nB2zQyx8pGrrWG1Bpq2N/Mda2i42bp4pWPeNKj1yqXwiP1gm8XeX3HyMj47gF25Dzn4JkjXjgEHdCCG4EEEEEEEEN/NKIm3O3kCknkeeNYcwWc4a84/FQ1Tm6pOE3nW3WNm97Jp/TKQf2Z+ai44WTAtgNH6nnDG4O1sRkA4ruGFgk/bGHRn7TOCd07FlD42qPWVP39nWE3i72rn0QzW8c/gmtdLIGtu97jYc5Kdk7iLI3PfCwBoufrWpri2zmlUk2mZr4w2oIIIIbgQQQ3RuDfTv0kpPwVDhUtVE2XOa2N3PtUuDRFv1FSLjbnKrgdTTvifbObzKgdeMtP2TveyX4wpfZfmou+BZOeI6P1PMx7llXT51PHOBrYbHqWStRmzSQE6ni460dzkWUfjao9ZQ99Z1ph4A3BuBVDs6d56VTSaGojltfMcHW57LE8XpWYZUugY0ziFrs3N2Z//wArYsPNqgDn3BvAhuBDcHcdh1rC7SYMxgeAbEbelAh8rXvzGBoItnA3WNva/EZS03GrWOpYeOC9297JZ/WdP7H8yqc2maVk0zR4FRtOvgX+J84VkIqKWWJ32m2VHK6lrWP5WO1oEOaHDYde5yLKIH6TqM/jZ5+Cj743rUXem9Q3tQ3MncOm+5i8bBkYJLcIxRa/eNzDWZ0xdyNG4NwIIboQQQ3Bv6yLNcXt4p29CBV1Gx0js1qjYI2Bo5N72ST+t4fYj5qDvgWDjNwqlH9mPOOPQ6DE5eQP4YWBT6fDIudvBO7lWLYzOmccKDvLPVHy3tTBpm6tTgnsdGbPFk+pmkiEb5nujGxpdqChgkmNmjVz8ihiELA1vv6dwbscb5DZjS49AVrajtWYczPtwb2urIBAHkCjidI7NYCSsx1r5ptzprHEFwabDlWieG5xY63PZaCS4GY66e1zHWeLHm3z6WN2y7epNpGcpJTWtYLNFt92RX52O5voxNCom51SxvOQFRtzKSFvM0eccrofq4ZxyHMKyWq2RiaKR4aOMLldu0p/rEfxTZY3jgvaeorLJtsWcecJu1Ubs6liPOwfLdG6bHaAUIo9uY34IbwbmFuzWytuyzrcZ2afihJS58hcQ+zyAT9oHl9ygdA6oYxuaQ2UAdLQ3am1EAczPcx0gYRngWG3UhNEcQe82DHAi4HRtUcsQhdmS5uaxjc63SU2pYK98ouGOuNXUjUs0BaC4nMzM3k61BUsZC0HOzm52obDdPqmM4t3HNaOjUpKwOvYHWCPip5NIWnmaB3bK6oFTj9W9pu0OzR7lk9Dp8Vp2ffCaM1gHMPN9VVQUrM6olawdJVflQ0XbRMv95yqMQra4Wmc5zNtuRNddrgg885UdTK0iz3fFY0/TQ07ybuF2k7mBS6XCqd3M226N0bgQQ3g3AbK6BQKG4PIMZrW4dhk9Q462jg+tyKZ5kkc47Sbrsf0ZmxLSkcGMX8yX7k5wY0ueQGjaSsWyjN3R0OoftOU9SnnfNIXSPc5x5SVT5udwhdMlp+0DomNYc3XqTZLPRzdyou6Ij37mR1XeOSmcdY4Td0b4Ib4IAoMcfsn4IRv9F3wQhk9B/wQp5v2b/ghTT/sn/BCkn/ZOQoqj9kUKGo/Zp1FO1pcWah07y25bekhrSXGwHKVlrjoxGoFPTu/Roj/ABHnUbC94aOVZI4b9H4Y3PFpJNZ823sLnYspMVdN9VCbRX+KO419lFUZjdRHvRdZy0l7IFPKlbmv6ORUNS+kqWTRnW0qgq462mbLEesc2/aLbg3I83ObnC7b60K3DQNVN/0r6RoRspf+kL6VpBspfwC+l4BspvkvplnJT/ivpnmgHxX0y7khb8V9MSfs2r6Wl9Bi+lZuZnwX0pP934L6SqOcfBfSFR6X4J1XO9pa5+o7oVlZaucIkc43LKvxClw+Mvq5ms6OU+5ZS5Vy4gDBSXipuXnctZKyLwAzStq6lv1bdbQeVbNQ8zV+MxU0xhjjMrxqdrsAqCsirYi6O4I4zTyI73HanRxCFu1+3qVa/OmPRq3LJzCNamubcyDG2JlJHUrJrTZORGkbmnUeREWNisNxCagmz4jq5W86w3HKWraA52jk9FyaQRcbN2yA1pkDnC4tZCA87fitDr1kJzLDbdWQ3CRzhaRnK5vxWniH+1Z/EEaunG2aP+ILt+kG2oi/iX0pQjbVRfxI41hw21cXxRx7DB/XI0co8KH9bZ8F/SfCR/Wf+lf0rwkf7dx/cRytwsfblP7iOWGG8mnP7q/plh/JHOfcF/TSi5Kec/BRRmop43N1FwDiOZGmkzs3NIXaMpOwp9BI1pPMscytqsOxCekZBD9UbBxvrCrMrcVqARp9G3mjFlNPLM7Ole5zuclQwyTPDY2lx6Fk1ko57mz1os3bmqJjYowxgs0eYTvQschlpq6QkanHOaedZNVOjxH6x2aJBm+/kR3uMVOfNLJfoCzSbndDtShFExjdIWl9vQv81Xhk02dEDm9KbSPbG2V0ZDHcUkbU5OanhFodt2pzC3cp8Rq6fvU7wOtMykxBosXtd1tX9KK7mi/hRyor+eMfuqgyhxCetgiL2hr5A02b0qFut/TZBnCso6R72yPfwWtGrpKkj4JHyWL1GI0FfLTyVM3BOo520chX0lVnbUS/xLt2oO2aT+JPqZiO+P8AijNIftu+K0jvSPxWe7nKzirlX3jeMNzWgCsksKkrsUY57SIIbSPcRq6AqFwA1bNg6lNU8CxDc4bDbWjUP51JKSCssqKefKGZ0MbnAtZs6lBk/XS/7Oyw/IyV5BqHWCwzAqSgAzWBzucodG4PM1TTx1MRjmbnNWKYY+hkzm3dCdjubrWB15qY9FKbyNGo843lY/R0sjhtssQOdIGIMzTr1hSQ31ttZZpzrKHDJnDOlLIWc8jrLDsOoHsztLJI+9r5tmrHohBHE1oGZfWOdPr2TBmljvI3gi2y3Mqmjc2QhlrC3Lsvrsn2b0khPYszWtHdR4ZLObRMLzt4Kmw+aI8Nj29bSFoXdHxWidzD4rRO6FhETvpSlPNK35qmcDcXQGpHOvtKNisfwWHFIbP4EreJIOT/ACTslKyNzg/ijY5vCBQybfyyH+FHJokG0jr9SGTD+WX8F/Rf+0PwQyWb+0chkuzleUMl4OV7kMmKbnd8UMmqUbc4+9DJyk9H8UMnaP0AhgNIwgiNqiwuncQGxMudVs1NwOP7TGM/dTcHpxtdq+6FEczggcHmUMpDgq3W645RdFx57KebNZt60xjHAOc0F3OgANgAV/NcsbJo3RyC7XaiqqGXC60ZpNr3Y7nVDVNrKcSN27HDmO4Vip/Q3qscBUa0+W41IP50XG97rPJ5VTzFsYzTZV8rpo2Fx4qp4rfWzcGMfF3Upq1r3yFrTwudO1lFAcJbFkvc1bhyBpR5inQwu40UZ62rtSm/3eL+EIU1OP8AYRfwhRRRNcM2NgPQ1aYtlFio5Q9tws7nVwiboNdtaHfBXP2gD1hVbG6IkNaHdCI3gvvb3VNwZQ7m1psou47bnlQn12DNq0wG1iNWRsACdiD3AbD7lJUOkfeyIdI/XqUfECCHmU7lt7iVG2tpiw6njW08xWG1L8PrCH3Db5r2q4IDmm4OsFFYt4KetVnCfco8FF4ss5B1lEYy8aUuDOWybJE1w6CpsTdmlkcMbb7XEXJWcgd0BZLx20r0Ud1psVKNLrGpNlfHssU2qltrsmzyO5UyR5J4ZWllbOWZ7rZocNakkfn2zipLlp13QGpZmtZqsmjUrbl052ag66ZxOtOHCaFD33O9EXVs/lHvKdGSLDWmauZNi4VgdZWjDTrKi4oQQQ82ZSUWrtqMaxqf/NZP1mkjNO86262pyxUfob+hVgtrUj7q6B3LqIZ7tqdTGVjnEhoaOM42R26tauroFNIuNawSaCGmOfI0OcU2ohfxZGn3olXV0NZsmgbEKQPMf3m52pCibszynRCJxFyUCAbon66N3uUg1hDiqKle8XC7Qk5V2ifTC7S++u0h6a7SHprtBp+2fgvoxh+074J+FsGvOT6NrG7UbcEN5Exuc6Rx+w2/42V8yA87z+CIUBzbrB2UYmkfXjOaNTW2vrWLGnFdejAbFYWAFta4xumciaPNZ3ZWh7HNcLtIsQpA7D8RIYb6N2o9CfjVINrjfmVXjtEY3MOkNxyBVM7ZG2bdOvu33AS06jYq+5rOxBnOs33JrdetWHMhwTdpcOoqmxGpgPHzm8xVHikVRqcc1yvcalHtTY3OFwFTOdSvEkl2W16+ZVE0TrlhznkajssnXcdasni46QnaxqV7BYcRoeFYa+UrOb6UZ63Jz2n9l8VnMA40A+K0o52D3LTN/aD+BGYA98NvUQqo/tTTe5oU0zHDUZfgE90RPCdLZWsdV7dKYOC7pUut1hsbqVk3UVGqj7HqqMDR36U0Ju/HmU7OhV+OUtKDmnSO6Nir8oKmou1jsxnQqeVzyc83KqWXIcPeiijr5E6PmRBbt3bq6jaX9Sa0MGpNB5FoTyoRE6g26fTysjzyw5nPusF9Y2hUde+MgE3HMqKRs9i06uVREBudfqWIh7qMyPeTezfxTdibrG5sdYqMnW1P5FGCAs91uQIvdzrSv9JGR3pLPdzoyPPKs7WnOJQ4y2lOaIqVruUucfgP5lB3PuXB2JmsIR6RrPgo+9HrTOKEEPNVdWQ0VOZZzq2ADa48wWKYxUVbTnfVxckYOodfOVJIXnWqWikkzXOY8MPLZVlB2tS6UMI18qPCaQsMoe2s+SY5sMfGK+iKV8edHKfevoaMRukfKGMHOVW0sMfg8uk9LUpWJ3BdYq6uoxnnoTBmt3IYrRB7nBgOy6I4TWXcXu59Shzo5uCy+ZxyTqCqa0yu4V3N5BfUFBPBnDPYR1FNhp523jOvpNlN9RwdGWkjaSnDlCwutdBONfWonB8bHN2HWsWaWUsbOQvagNSidyFPfq1KEZ4ddOGjO2+xP2hNR3LLNQaswrNRIXKqYXeDza1XyFzWsB4I2e/WjcBZ3MVE3g3UajcGsJPIwlM1Zo5yo+INweaamaOmhdLM6zAsVrH11Qaic6Knbqjby2U8xldq1N5Aoc2JmkIY9/IHbB0p9XUPdcyyE9akmmc3NfK8t5iVA+7GrTyROexruCTeybUPO1xuo3VtrgvDecqZtQIc+TMzSpZc9oDhrHKqlvLubTYKCMNZr3IHhj85QsbMCQBGxjbC52lMYTVRGPOcQDINWtxVZV0skOiljnjf6N7AnnKfQw3zixzBYWZfX1lVELC0QwMsb7TylQVGiLmEA8llSSiehmp5rvc1ufD0FNKPBesm6zSubTyHYVWzGVkQP7TO/ArkQ1FZriehRNsjtsEeMCdijtZFqsg1NYEWgBOJWtFpWaAVEc2Fx5TqClN3no1bjWXcFbkTNpCqHZrGW5RZAcLqUY+rbuBDzRlJijDPmDhtj4reS/OVNI+d5c8klNY4nYVoHE2bd7uZoTuD0FSlwtqNjsvyqE2jFrqYEuuNiZdjgQL8qNRLM7aBfmCfAQNJK64U/B1p4uERZyp23Oco9epStDQByqGJphdI91gNXWVHE5sHDHH1jqUEua9zjYNibnZw1OGpQOdMe2JWgOJu1TShhsTeQ61USi+cquHOkfOyxbnWJHOqWR0MjXtNiFWsa2Zz4m5sbtbR7kde1YfIYJ2vB1gpjhNonjYQSiNxvFTdqvZy4JDSQg3mWas0cqzelbOVaQdKzr/ZWtHrRIuncGNpPuTxwdynb9pWTuC8FTC7Yl/tXhR97b1b4dzt5TjVYKOidr+sfqaAqgPLi+U7Smv163Fo6Fmwub3yV8h2NH5qhpp2Nc+mzGWFnPcVW1WY1xc2KWT03M2dS0guZXnOkOy+tB2wnajJra23GTXM0ag75qWI3ZI1ls3NbdSa9qcnsu7UohZqphy8ye9UhZIIoXi95NQB1p73P4T9esud+QRIdQ5vJK436lUStgidI7Y3YOcqOZxMr363O5VfSOzbgc5KqGiJhiZraXZ34f8AyqKLT1UURNg51iVJZ8DpXgZmbwfcAnNGjzhtuotSwI58HqpwRCGpA8JPP1nuULrtzTzqMdaDB6X4LRt1cL8FmMHKrRjaVeLnRfHyFOfFz/itJDyi/vRmhAGZE2/OTdTzvqHAuDRbYGjUpeIENZsmx5rAEQpRwVtjjW2V/uTB9W3q8gt5VlNWZ1U/mZwAql5cfcgLqBmipzIXMHQTrKbWvLQyWpAi9HmVdMJpOBfMGy/Kp7OI0fIhIW6nKJ+c9h5k0l1ydVysIpA1vbdQQ2NvEBNs8rFgZKrS3FntBsORSEbAnJ21N2KF9o3DlO5TktmaRqN1JWfZzSeRMaWsa07ViLZi0nQ3hZqN+XpUdrZpGtRcF4JF7EFRy5z3aRtwb6+VYW1mfI4a5Ws4IvbrKcDobM2atnMFKeCGjYEzYsmhejeelEKyehrIUnHum6kHP5yru9Iq7ucrXzncss1W3Am6lJrCpG50vQFZFqkGopneQeYlQ3FyedN72zqRVty2+tuW8tqJdFBJJ6IusSkMk1ys3SC7tg2Juop2tl7audOZquFmrOIjLBYA9C0QO1NbYKFjIWNmqBnX1sj9LpPQmOkrJDPVvtEzVq/wgKtqNNIbcXmRRUp1ph1KLYdwHWmxskdHO2w1a2jnUsuiZnu6gE6vaWFjmOLDtGcnNFzmoBUlFnUU9RJcMZa3SSoYtDS6W50kl80DbZSzubHo27OdGwGaEwLJ2PMw4A7Sboo6zqTwodtuZP1yO5kAgNW/tdZpTdq2KTYFSMIZfnTb7kjdStnNDG7c78LJ+yJo603U0BWVlZWVlZWVlZW8uJWMuths/Uq0j3DanPu2zUAUOYq+bs1rUg26cwgpxB5FTxGU58r81jRxiqqoElmRAtjbsG4SnFS7VHxVFtRC6BtUMejiDOVZ9NK0wlzc4G1ypsLLDGNJrcbX5Pip6aSFzQ8C7tllV03a+jaHZzjtHSpKzS0bWPzWwx7Gs5T1p9WXA3tfksnvzhZMF3Kjjz5WhYdHmQubzG34KrcWRuLeNbUslJHGWYVBzjf7XKp7Oqpc3ZcprS2UdKePrHILO1by6a0lNjWaiFaxROtZpkNh71FHG6NuY036SqWgjfbPadfMUKClYeI7+JV8VLFTPOiOdyHO5UbindYC51alFFd+efNBKcVjh/Vsqn1grYr8y1prrbQnuBOoWUchYbtUlTPLt2/dbZR0haM+oIYNub9r4KpqNLYNGbG3Y3dcijremFNOtF2tYdHpJ84jU35qql0ULn8vFas4E69SpKp8JcGTWBHKNifE+V5k04kftJJsqpxjja10gkfbk+z7+dOc4hrTsbsCvuRDV0lYHCHVcefs2rB4oSHmaQC2wFYk6Iwva1jPu2WhAGoWVJ9W5wPKi4gk8vImsa5wzjYc6fEc60esc6jpC7a8BdoN/bD4IYfH+2PwX0fH6b0MPj53oUMY9NdpM+/8UaRn3vijTM5inU7TsFkYNnQhBbYhG8cpTTONkjh70TOdsjvinMe7jPJTIgEN6PMbiisY10EqqBa4TdYAKPATZI83W2zudEg9Czkx5Y4OG0I10ptZ+b6upGf6ottw3cZ52kc26An6inFMHCKCZrKa0ucGtFyVDGKanbGNb36yVic2dNoxxY9Xv5VdXTXWcCqqrdUuYXhozRbUEyxIuphC21gLdCAzj0KnZdYHT3keT9kJsR5Cgwjas1aMLRhaNqDG8yAHMg63ItIVpHc60judZ7ucq55yrne3V1fe23AEArblvLyiU5VTc+B7ecKvjLSehFTaxuXV0FdXQQF9yXYnKJnAvzp7bOUPGWHQgO5A5wzrnmUsj9I6TaQNS27wJjS5CNRxKmi1daw6DQREnjPNymnuFtyysrKyzVmqysrKytvbKyAVu6W8nKKcnLFYLTuClYWlWuNac229DUBuFO1rRkuAG1CKwspYc5mraomFu1Uhuwn0WkKN1mvc7YGFW3L7kcWcQiz7LVHFz6hzlRZrnZjfeeZYRDp5tJa0MezpKam7llZAKyss1ZqDVmrNVk1gaLBWWas1ZqzVZWVlmrNWarK25bzEUUU5OWJQ6RmcOM1TxA31KSO2xOCIVkAgFZDcsUdWzaoGWN01mpSNRNjYqkdE2KXPPN71PIXjNbqZzc6LFo0IwmMATNWzarOA1aiVI6w4RuVQQOnAGwHjFUsYjjaxgs0JoTQgEGrNWas1AKyAVt7be281uRRTk5S7FXQ2cXN5doUreUbE+MFOjRbZWQQCAWauhqZHrUcaDdScxVEF9iBfGdYumPa5WCzOYrMPMmRE9SZt4IswfaKdwzZhVLQ5xu5UUAYAAompgTQggrb6ysrKysrLNVlZW82ORRRTlKp2qpp9fAVi12a5SNVr7Vo9azLIBALNvsTWa7BRQoMWas1OYnwAp9KORGJ46UGHmITQeW6aNWoLQF54R1Knpmt2BQQqJlkwJqCCG/G/kzrcC197ZWQHmcpyKKcpU8KRiqIA4bNakhNtetOaQrFBpKEaDAE1hJsoYLBBtlZWRas1ZqLEY1o0I0yElRU6hgATGWTQmpqCaEArKytvB5z/AP/EACkQAQACAQMDBAIDAQEBAAAAAAEAESEQMUFRYXEggZGhsfAwwdHh8UD/2gAIAQEAAT8QdBxFm8EqYnG8vatKBuFEc7aXOMw30N4TdhtXorQhBj6LupxDXnQhC7htPeXLjknEGDGd9Bl6ul6s2lQMS5djtOdOITaHpOvOjoM5hF76XLqXLzL20uLOGcTYdcTmcwesvM3VOYacQ2lznQgzaE5nOhLn49IyukJtOJcGXUu+YdIae0Jx6HMuDc3INSoFMcx0Npz2hqPzLhOIa3xKzllQl9ptpeg0xYMuX6G4b99B+JdzLHffQlwyQYOYNQdD7hCWaLiDieZiBCLMTmZm8Jem3p8+i5tKlQhmGdBl4g3pzLlk5g63jS4sGECL0g41JenOg5l4gx1uMu6IxL0HQ2hLixYPGm05h015zL0GXsTglziENoN8QZuZgwnGhDvBl+qrNTaXOIQxrvOYqwnMF04m+ls4gaFJCXLvzMaMGhgzoWYm28xOnWOlwZdwm032nM29O+ly9eJzN9OI63ehpTO3o8wlwzOYac6GvGjvD0O8JcvOZepOdLzpt6SdcTacy4VLxoQuYlwl6G8d8y9oZlVtDOhF0rrNm2t9tSOvEJUGbh6rlzEuXDeHaFjozmDN5zpxFcNoaXDQZcqc63ehOZ1nMqMIaGho7a16CJbOYlTzqQ+tKgTiXLrS6YOJY6CpeZznQzzOZvPE3My5fp5nEupxpxBl6XBqc6LLjDSsy+NSe88y54hiE99bhAl5zOJepBxLhoOYbx0IQhCLjTnTzoOgys6Ghk9Fy8S5W6buhoVPGhDQdLl4m3quYhN2O0PucPX0MuLo1oJBnMLtvaXFohidILm4MJfWG0NLly9CMIb947RgzMNWGiS4MJzoa8TM8xenoDF6cwjVYhHiO8DS4Tzp+ITecS5xDeczOlw29ZxHS4NThly9Dxoy9LnbR4lwmIkQ4l4zC53Qh0h9w1doZhr5h0jKxmGl6XOIbw0TQjoS8w2m+m+ppsMuicy9LqXiXNuulw6xcQ2m7DW5eJcJepetx9F8wdVl6DL0M+gc67StpU5zDtMQzNtGcSmeJWNLqE4zoaDoOIbac6Gm2o5mdDQly5tpmDxLqMNFzGq0uGSXLxDp6CbQhozmXOYQ0416Q3jGHecaMuXOIa8zmXL3hoNzqS4acS8TmcRMTiGVQ0rvCEzqekgvqDMoljxWl1DXnS5x6NvVz1l50xRBqXAniEvrpdTfRgy4eh1d5bL13nFcTbXbQ0HS+mgziErGnMuVNpdkO8Np4hLl3nS5ejL0NCD0htCEvM59F5ly9DQbxoQvTmX6eulw2uXmXGcw2hO8WDLJfTRw63qsuXL0dLi6cOZely/QR1OZzDJOIFTyzzLTAshCG+YM8QZxCiE8w0uHoLfHovSpt6DvNoaEeuhHW9N9ahpxqQ3zHeXCdJ41G476MJn1kJxmYYudGcemy4YhoMMb7wlwaIaXi5zBqXLmbnOnOp1fQXqTnGpptDOjDEJdQnGhqRYeg2lw7wjBzFxCXNyWkvmcznGhpelsvW5jmDOYeZdRVqYly708wwWxr08Q2h6N8Xp5h3qdtOL0zDbS4MdD6m+nE4qEucQqbQhvriGdNvTtremJeJeJc4xDeXrcUxOYS9icRzBqk4mNWYuby9LhBl6JcMEWX10ZcvR0IuK0uENosuc6XGCTfeX04hE9JtDjQ76cbQhOJtL0HS60uEL0NMsSpF7EA+Kc/wCnQe4e6IuflRP/AGxDf58RMj7pQ5L2lG4yrbSuiZ6TO1TMFmZcJeZcuXUuXcHEuHeXLg6jLzL0uGqwol6PoHUVBjHb0XOmjUHEvRnOlx2gt/3NiPaeJcw7ah1gwMwhobzMubwnE5hEFUAdYnxG+QfgPKkTdwg2u5X3lLIAOPuS+0P8rP8ATJGi7y92VKkc1RUsl7+4Etcn+hvEGgOiRI3Dr/qhpUdMhv8AvKuyOwfzBKwOaf8AMqC7PL+Yq348SXi07v8AUaec6v8A3Kt2+7wAA2Mn+cIHdscxjL17x1GD1/omsdhlf1L6wY92M4EnM2oq8n/cvZ+EbKWt5quMFfLIlIqovjigpwOW324ZgD5xSw33kK4DkNldbjjaFSy7EA9k/wBUIHB3Qb/MpQ6WH1HKg4StLxGXD0HeGZcvXmXpc86cxh6GXOdcQ20IvMG4wesvXnS5xL4l50uEGoaEoIDY5XQgZvlXL34iFaI8P8hld2CDUcYETqwF5cwV9pyZ3hsNwswsvfMzXdENdLE6xou2ZVzGnLF0Xb3nWYq92Z8xIvrFdWXtzM286zmd5mDdP/YiPP5j/wBCVf7Sv/Sf+7Nj80q/0hyuJCg9sQpRsBp8SltvT8izD715ju4iDI2P7jEKqyMdbnHo41IxziGDR9TL663DrOYbTxoMxxOIR+dPiVDTaE5hNoE50KqBcCtY1cto2PV3iPVtFqxqAtuMyq7czci/Mr2+CB6HxOsHxLP8JfP4Jaf0RCNAyR+Om7NtXHjHLFTLmNuYsvEVnO+hoxo2l9JdxitmtFGWd18Ro3RX/wAS9YPxOEnkl6+xY1XmiC8o6UDlcJCECwNydD/OeIK0vaXoS9F0NB9Awhrc31dbhLnOm3idpV6kZcuXH0DmDDQgV0Kauj/XEdu1bdDgjEFrOoOqEEcJvMwvp75ll03DmLpcuXFlwLUbzpDiVmzKC6ZUmXxEtXPM3QFRpeKv0eQW/cGX3gy8y5dyoJOjDnrPQxqaDkYGoiUVWX9JuPDG3KkFWuweCPQMMRg6XmLrtF6S7JcHMd9D0O0XTjQ04nEPubEW4TmE6w3nM30NeJzNpxO8IPMMxsLxEDbXfCfLb7wFaMzG39EuXTBsly5daL6QYXOojCknfVdN5el6W9dBpxFOlzxoXNpU2hACboOJT61uCCrplvt3gv8ABrgWhsvG13Gqm58sHgGV8QtpTgOIqb0StUKVktIybdro5H3KYTHjvwmTK5UrrfCj4NHhm90jSpOo16Lgwzpetw9Fy5z/AAMYMZzCHOlQ2hCcTbS4TjEucaGhOsgq81GY4FvaCo5YKAItXLgy7iy8aXBgyvEYpwJTq+JXq+J+1T9Klv8AxDpPiHSfE/8AEn/kTpa3j/7s73zn7WfqYphPNzDdrdbxgGTJKBdmbn4RZOZBXY6Q2JN0Ijbxdb8Sou+7qRvO03qr4uPnEG4msM027dowTUuz/U2JGHRWCwC0MygowWqwAB7AESypajWNH2UNfGz9XOViO7l/d/eZbMCbt+o2i6MI9oFQdSPp2yxdL412IMN6naVAm0vMuHzPMJzCEvQ3hopL3vH6zvP+aVHbMriDSob6BKzN4FErECVDSoPXEJcrpDedIQYQYMIMIQzvCDO7RbCE7ewJAVf3IlECy3L0mYQ3mNc0X2YF4jivObzX9lGGp6L1PSa3pt6HaE4nFy8S4QZepvNpVbQ+9DOJcJzDtqS/TNo7KUMd+V+ZveJzBg4gNBphAziDLqCO0tIMNeYOhicQhMIqYsweIQgxYm5DpCFaEIQneZT9zmM4FXfo0Gl69PQeg9facwm83g6e8M6GIEzUGpc2IGZ4hCbaczmBc503TKzar7n2GfW130tluJsm2GlSb4aAOsIuXUuEEXoHMuDxDqhAJcEqKKXcHMUHMIbwg5lX9e8cmKh+tpu0rGt+kNHW4+j305l+i8whPOhn0Xpc5gzmEvpLgwnE6oWxqvUpzPuv5n1NKxGdtNyVHEGiDLueIMLiwgawXGkxgy6JiwkkxhJIQyhBBAIZaBy4hAwYOZRHczUzrb6OJWlznXaOhMaOrDTbBCVBzCXiGY7Y07pzpvCE50qeIae8UC/a2B1wIe3l+Z+CLLm+j6WeZc5iyzS6zCLNE3L4jiDBl9YNMG4MG4nWDiDBg4i1BAgTD9G+lKbh9XzfbMZzNp11vXn03rzpz6N99CdCB10PGvXRhvCDZCuYN6EJzqQzCfoOiGi7vzPx+ojCVmbw763OJ50YYhAwtpswZcGDBxBgzBBgwZumVQwaATDxH50s9BftxQ9C+nn0PSE49e2htL04hnXcg5mL1O0Js6EKi6G0vTdPE6fsnL6p+Fly4s39JL7QARRyIomYyuS3bXBNL6S6gLaDRll6G9wFqjEGscxYndLlwYMGGEGDROCKPTvgm1AlTHwH5hDduR+3N8qXoarrejvOdV9R6M1DaG0H0kueJ39HMr0VN5ugydP7EVp1jZ8MXTEGtTM50qHpeE4As0thZIfzetG7l+iZ/NrmITpiDa1DAXb6dYhZdZVeuu2zbvHDWG6K82Wg5h7RfgSVZuWJZsyx6eHVJwUNo3ZLVWu761vClhAUVaWvNy+oqxCwtOpB2YGJZQOA4i0ony5R6GGw+GVqKHXEqHVG2VX6lZgEFydFUl4LlSemTva9kHrrvu4q5puET2FzN/heJTe+BC9B1lrMwg+V7gcbIs9mUMwnRpi7xxZ9FYtT8P8AMN4VZNn7Wxz6+NK02139Jn0k6zmeNAvzK0vQnOYTtMQx40NoenbaGGG/37yuLa9MzaG+l7XoYlwdMihewHu7RhAbLFS56HeYJwbHNLly4jwLoNf0peWWxdWxgaPA25I8+KK+WMWb+onQsY5CeVXfYCGtAqDQhLS+kUa/0ekEZQ+gkzSqe4LNzwNwYNbtQHwLEFqUasvmDN5cFylsTzTLYXeA4galAA5qo+bhq9yaa9aN1fFQ22nDngchdPs4ldw2MqTjjIwVayNv7Ar2hhKh+ezuPq7TbBZinA3kvD1uJULuD1hcUFrBi20jMzTFB0lpUw76NCLGcF+zHE51v0ceqoTfXb0b6O8sr0c6bamc6m04nGnGgdYdobaGZZ5k4d5/zUOdMTE4hobx5h1lwZdS5ct6y3CxBAqlYt2bOYuqRtmjYdjpBYI5hnuwTHolpaNYkxFsimTGxmN/VQtTlWHRCBzF1izBDtL0mGGEqUTHxv7nWWF/UY+kjDeca3/Fx6TaVCV0gu8Ne85h304gMMzrDxDjSs41N4L8j8MyddvxoruVOPURwLUAtYLgVibTxvPHnC/ZC1iatPEMM2306TELrV0O8PVx98UMpEcIy5cLccxqMhEzD7RL9r6gMP7Habh+52hCvtPbxcuGeZ2Co1PiV2fazscd/wAoPXSLl6Tta7dN0wfj+HQqsVs+ow9LL0f4ONeml+kZcJ4h5j3hoZmb0DaoQ2nOmNb0ILD9KZn7T8T7foZcuWziLQVQG6w6lkiwvA+zM9rQw8rL6W0LLwcw5B5Yv+95bpDdO4p9jyeIWtEMq1n2wefO0EIK5G6rliZKw3CMUFPznc8aX1EZXuFJ7TCo417klUoLjG8z+mW9ftFf0z2M73qt/wBS7iPNIwFzcHVhjBorfPL7x3A7OYSqqbnx0mHjycv6FM75tSxJTUMIkqVMPa/DpkqrD8EeZfoZf8BpzpzHTnQYZ07z2izxM8QNDbQ32jN2c+rmedPuEUhmmvja/sn4T8T7cYE5n3OulQ3mTTYdm9H5z7RCKgGVYWgu9kGLnK37FQMN5Mj0jyD07t1S8qrPROkOksU7p/OPDDeGOw0tj7kynEeAAfgI9FcPCJt2Nt4cQ4v3tFYsKWrWrcAG3mAjWmAqq3WsJ7zBNmB4t/Ucj2P+oRwOAwtPDK9i/brKth/TrAqpSRDtbBEvzSqgRAKDdyu62+8FNq7SuzcNZXuQ67L5Trd3HyIv4G/WQyPJCOFl03cDuNMrFEPcaYiMSkxp1KiSoqHr/SHWUfc9od4acaOvE20fTv8Awba83Es3gogwwwlN6VDjTmVA0C/RUN4Tucn8yGHgn3Y9tKnOlXqe2lvaz8wwNJnRwQrfbEsqG/3Ji/lUyHcmwa2WbDZ0jAT/AESe+8uu6pGx7T9/1y2tKFvW0Lw2zXE3CNuI0K2xbQdZhCxj3U6+/HuHaKs6K3Dn5qJ2DDrqC7CtmjqvPxcajBILd+6gp9whlUMviKicq6Lg9ioPzH0J6uU0PhYhIyS9mkL2L+xjoKVJUTpEiSpj5n4hKsLLCH1GnM6+q9Ccenn0m/SENDGvnQMaENTTjtCb6LvPPmJQD0n2dNp3jo6DmU8E6xTA3PMqXg2ZXjNw7sO4yh2aRY/lSNntP1fXDEMpdv8A57+4xEQpEsYkyqIt6IgPbeNx7VQebX9TIVMQOoxYXDSssAOM4fIwLQUAelwcfcL2cV+yERRuIy5HdT6IZSXMdF4hANo4RIkqJKmHk/jSh+78n+Rxqenxqzic+o39XGnj0mb14hDQ159BoXcRwHNcCF/cKg2Cp9+caMO83ZXXQYNrs7tT+YIfDHVZDfrQVrtnhW+iKxeuYb1Z8On7nOlRs9p+364YS7C0d3iKRcu6q694wdbeUAT2IVDC0L+UoHvFCFW1XPmDuyWZLKcOCnkb9pijFvW1fYQKNdLyqUDlPPKP7jk6Sx3NG3cf7ggxplfamK6nvtMlVVcq8xIkoqJcTtEgTDzvxAhmP3bHeX6OYaXHS5vq6PqdfM20IbzbmGg6dp40NEhKhGEMQ3hsO+HY6z7E8685m2nECBjcs7Ufyie8AQkjkSk+JcWR5hXB7Ye4ylibhpGypTxb5hMGE4C2fCCIpajHGGz2n7HrhDVZmbg34qvaYrnP1EDtWa7QxUBFJot07Y+Y6t2FaZwrkuu8VgInDN2HvKYYSYPA+yLsJb7q+6mQwCuAMvZRi15IbGJqYXuvZslnY5WPIzEoc32XY/uLjRIxIxlQiou99TMeYUw9P2x304nHqfQavodFnOlwyzpA66c4nGIbBCVp51cYhvoTeb6GhMvOg+d/M+5GDPMxpipRmPaHxQhSjIkNyybD2HK+nEKgbq7H6Y2hJK3VHsoXKIYCoEuiYu2AZL9bpelVGKrKJDALx9o6/Xzi84VF5ChsvniEi1Y0bqtte7GMMRb4w88nch3ZM4H9PbiLhKgK6vB8VDbZtAk8q18QsXV1XKvK9ZXMYngGTyul6UETOHg18f1Vhk6xQ5rfdAOHm4DAdgoi+hjpUqBHg7x9ggLet/uGXoevn0Orq+o2nE7QxdytSMI6ENbzFzj0kon3fiYD3fmLDzFl15j0htFma0GeIprcqEXYGG290pT4qHu/oSPmF0VEnOl9vY946Uqy5dQ4Hi9FNx9oGvM2IbCQmBS0fOhLpi6ltgsda5dyCFZysvF0xi8R/KsbE+t5O1K9hfeZGhauXvW7KCgeHwgcq2BQernE4iR0YGY8HP8AqfcIQ1yl/cZRcPQfzVHEdanmfid4HWVCG3iczmBqQqf3oanTUgKVWDd8tceZgXRfmbjzOM6bHeEqeJ51vMuWqXiXBGPZnSDWt5gnYgAvupKNfdLfgigq9Nkozfc+Zf8AHUYwmw/S59shrzH4jCcy/wCVh/CGhCddNyXnEMsO0NOZxCG059QTc9C/AlP3t2G/vDaczzDvO02050NN49oR3g9ZvFOBYyV3Uw+ZWpHdb8EqlXoKSrzDkW+4AoA6GDTz6OP4WJKnMWPv/M+gli3o/CM49B/8DoaneVgnE4hN4aGOdAlQOulamNtDW8wX57B+O92cwyFaDNtK+Ys2nM5l6FrtGKZegSnXnZfcr3tAVK5bd2nwSgtDnJ+WYrt0l/xVpWlSpUrWsSosX6yz6aVRjmEJ29XD6KldNWVPGnGiVD0BOIGMzaHovE40JzN4b6c6MqEFP96n3n50NjX3ix0vEDCgivATLPOcX3E09kFvzKZQ64PggtEdgiy5f8dQlSpUqVKlSqlSpUqbX9ZZ9ND5L/BofwX6ePRWPQtbwnGm3GhoMIZlYhAqGJfSG820qVOkqErUUuv50FL3aLDxpcvroC7Qa+cC5Sp0yv4EpV900fUAr5Q+dLl6n8RKuVKlSpUqVKlSrlahGJdn5ZmPZBXXf6I+s/mYl7zjGtQMQAZ7wgQ7TmeNOZ1hzfpPUO5flT7v9GmzXSeZttEwBZYH4MlZ0T2/1KBpwKm20X1V/AaBoEJUrWpsRnTLsubsTrYPuEH0ZEFp5v8AmFebvP8AyP8A03+RLZ8H/EL0DdBTcNmtRzf0f4Omj6SefU6VKjKhtmG2lbsMQxK9FdIabx02Z7a3KhZ4BHwyidH8Iz6UVYLmbV7d+DmX5V4LrwQAMG3/AMRAgQJUNb4jvP3K5tO8+CCi70qf9lZfHdfcGoXoAnvpem0JcC9h+pcr3jfdX846GjobaOvGmeZtpz6a9DO8KnWcSr08ab6E8adNOIacx30qM5Q0fdOZtkxx/HWGlIce3gmxiXpx6K9BD1ECBAhA08qVTKDod/RsREV6pf1tKUgcCiHorQnWOlx9AjPzwVR3fb1ceh/g8+itHU05nGdCeJxOa0rM42hDSozicSrZUrpoti8FxqqvRKsS5szJ/wBa/g3/AJCBnTiEqQPO0e8pF/8Asjuwl0fNTZA0ONDaXL050aZeGeJH9YbkFeH8npq/4OdH0cyvQ6Vj1kGczeFw5gQgQ0qVAj20rMODqJ9Qfq8Zs+Y7/dxrX8WK9HiEIECEqThu8Dyynbk4H2594RADYCghCEIbTOhK0508xju8TxAGgQ95v2nP8D6NtM6Mr0rOYaAzjE59I6GIMo0NAgaBzpUZzKszBXR/om15itf4A03fWQhoXaODju9JXFu7B89YSE2AFBNm0IcwhCEIQ4hvKjq9p9KPwSkLxXmGv37uh6/MY6OtRlStHTec6hv6DEPEzWgQ3gQ3gY2gZxAgSpUqVKiSqYMl9ZR2KPuNrzFfi+nn0n8BNpTchD8HT3ggnTN3uvM3QdFw2hCEIQhvONKWViVEn0J4gD6SorsZnSVh+3SsfyVK0Zxq9pvKrWoejOm0qECBoCVKlSusqVKlSokGTzAOvT8c2Ir8D8vo4/kYQynaCNUnk/p6veD2i0EUIbwhCEIQhKxM3okqfQntO+ibNdUNLp+J/KemsxjDR9HaVqbxnMISoECBKgSpUqVKlSusrMGSIH9iZvHf7N3+epWYvEN52/09pvuO5v5f5DedEGqiihc3aDeEMQhCENCVOI4NArfb+59agp9PwNTRPVU49DKjHStKlaXpvpzow0GEIQgSpUDQMSoHSVoEIvbb7n9mG8d+YfbOdGH8jIqXu7D/AGHC2wQh9aDbQaDRcNDxCEuEIQlRJuxWv1tBfkw0HT8DTGlaB6X0utQI59DqSusNobzeGNDiBoIECBKgXKxKlaVPxAlj6xGFfsPv+Ln0V1j0Nb9l/wCfzAABQYA2IMzMGEN8ekBgwZcHENoQbYOhoyofsSy/reC/PgpdD+np49JpXqqVmOlYlaViVHWukrQ04mRAgQIEqBiBKlYuVK7SsxIJQnX8kKuZdt/KV6alaVqaL3Mb7PbtCE6QhAcQ2gQGG0GDBgwYQMucQhDQnM2eD8zud+XMv3bw0HT8R/BUqePVUDSvQmjGEqVOb1NKxFBAgQ2lQgXAlSoaEzBMBrcfkmzFf6ufSasIEqbSxgN2N+7/AJA5hD8wLhzAxDrDMMEu4dUGDBl1FLzFBzLg5ihCEI7+D8ywdV+8+IPuYB2Jz6alStTVJWvEdCbxhKlac6VLlQMQ0VMzIQhCAgSolypUSVAiWG1b+YR32P6JWZWlStagQJsdpf5Rj7f8h9ztAgSpUIMGDmUnVDOb9Fz0TKGMLQ0Cg+hu8U7jJ9oVp1H6RMaBpWPQd/RUr0ulaOiacyrzO+p3n40Jsw7xQIECBAqBKuVKlQGJAzAucIfAnMVj9sEqVKlQgSpWoI5DdeO7oIQhCXUuXMJuuHxmOoVhaqbIYbznhpyFFbqEd4tZdEVjq/2lQ6l9JufOhOJUNKnj0mla1KjoysRJU30CViE4laMIR05gYgQdYEqBKxAlTslNSu0EoBrc/Whn2vwETOlSpUqEEKuCEAWNjpBCENLlxSOUdB6dGyGU/aUz8RdvyjCyA6wMm6dCWLpgQ2ZlUthtaTvSNoGm03MVp1b7gsup/Sb3y6hKhp+YEqVOdAlRJUqVKlRJUqJiVpVVKhmBxqejdM4CBBAgQJWipTQGYaxbwuZn21+CVKlQJUDQv3JVnmbRDibbS6nOZQLYF36xRUUCJhEzLzHojDKH4DV5j+v/AFH9P+oJKzilHd8QKtb7Kh6KVsVzLsg2urzx8w78d1+vMRQhUNVczkyyyZ6AgGjN10X4Y7fu/MKzzAMvlnOgeqpUqVK0rV0qVAgYlSqlacytKm5KhDaEJwQZgQJWYM3KzK6SpWY5MTFkCYYZjviZdr+hEzCBKYEEu3mHaYYa4hh0QGTtA6i2aZ+JWD1I2EGUwAH78QuQYiqHPESgNwIiBbLp/UomLKcEQhSbB4JnxgCbqxTd2lDd3XsfrGOZ2OSyrU25RwOkFIrF33LdDZ8P/ZdbwfRibZMcdhDege0CBHeMdL0X7R2vfQi5Z59J31PT49O8qVKlSpUrEqDpWI6G820NOJY0RAmSHiVmB0lSswJW8DpDT84vkm5HY9n4jKgQJZMtztzNPgmGIabr0gmzLshjsH1BXdPbKdLnXhtHwV/UXksrt3P2pdHe/d/WWlWu03Qj7FTSW7bwKORXi5k8kf6/qWbyMC5krB35/esb6bAwiFKyurM12NDwYlybNwNPJXM0tqbU28TFtAgSoHMY6bon3m5AHWUftf6jtoa1Dx6OdKlehga1KlSsSpUDTPtKahpxCbwZxHSR2NApgZJXxKhKlSpXWCUJX/lNzM+3+RKzKgTZxMu07cwbToQ4hvOuj50qw6yhD9cPhlwN5tSj2h1VBYG2bY5OjQXzLIhZZ6/5F/vTj/Yrd3ClOIVRwW9pNnaootYWssSInjzdxLahWFBLiqNcY4eK1Da0VASiBDaXFjO0iy3+kCmL/AGJglSpUqVoqVLdJa4KCloKPo7fGRwUv6BtvOdMw0NOIEqBtMytCyGgSSegCOoAJAy8yg9Pws3SmEnbpdPR2oPQsdbfeh8Mp5jKtVgFkcZaxyuMKly5cGDMhEQG8cIUQAqobwxLqLossXRJbkc7k/lMJhgXEOhDoQl2J2p2oJxOxB9JfpL9JfpLS0OqUlJXSri+nVzMmg+gLXqeEt6A0NU8sOyHZDtm2HoAyl66lArzS6He+tAwhoMkxQcQ0QntKiR1KpdKdtPcjfQvEUuXLly4MI5BVaA5jA+3p8wUS5cHrLlxZcuP6Xm9KF5/EgKeJXQTHSY6TExLJcuXLxBly8egEXLly5cuXLiyxvoFDQ8NOUR19oGVgXpCVwMDKQEpASiASiUQqHIdL6w/O/M2vdjxhBAZgvfQNdoFQMaLiNJ9USV3o59Besucy4pfXUhMj+vYf7CyLzO57dJidpcGXF0uXFlZcfmzemXbWHBD+C86H8l1LxLxLiy8bRYYS5cGXLlwdDqDouDL0XFly4Mqox/dfmLF5fcJmBghBloIQVxAZxHrFrQxXM2+qrLiy5cvR0JYPcoYPLsSgLvcDy8wuIDAFBOEGXouX8QZcaS5U0m9DfbeDtLl/wAV636L1vHp49N6G+dRDEGDLx3g4095fMu4MvQW4RV4X5z7r8xWnu/bAzNshe4HmU7sF1YBxAHEorYlEoihCdljt6hOaOxcTkcPR0MY6c6LW9RuvPCfMrLK6rfBKdPb/gf3B53sFBLlwYMuXFl4xLly5ulC3/4Tc8zyM/aPrP469FSoGlam/o41EITugwhob8TjOly4PWEGfp/bMl7sJtTJjnKdwd4VWPRemK1NSC0H2XNgb7hHHzQMs/t/7iv+uK7n2/7ljL8Am1v2eIlmurZ+4qAMHaDBgy8S9BqLdfSG8in7+03fMZTo8uh/FWlQPVUrWtLnjUj96jMD0EIPeHbQjpehvArHEj7kWPuysvQhl0fVtL0INwYMGDBhF4l5hF50XL6S9BlHujHTMDedmij9rJN+C06P9EYQ9efR513/AIbjOcR1rSoYEIamITmE20ze2iXoTc9Pwsya9ZQfX8GMGGNLly9POly5ety5cuDouEDLhBA6L0HDRu3j3x6dffHIDfuXMcJDqei9H+Hj+DzpUDPoFkFGhK0MTmGq9YS9HQ3h39KvuCgzhjwdv4znWoTaXOdL9Qy5cuXLgww3g6Bl6Mps9O+celJs31PjctyZjpMdWDf/AMRK9HENSC4GNN4HoNCdNCMXUcwW5x+Zhrkyi91Sd5zN5cueJUr0bem5cuXBgy4OZdal6N0V9A8tFy4Qg2WlVy3JmOnpZVak207Q/l8aOptnQXKPMJWhDStDQ1Y4niO0ILXpIKkoLrAupxL08Q0uXB0dK1v41vrLgy5cGXLzLzvL0MXGN0uEOu215KnoD+GYPmED7QPikHLYuMfJvMXMx0cHUjDXf0OhH1Ho5nE2gk3YCwAanpPRtHOhHfRl5gvttH3ov3eYesJehL0vS9L0vR1uXLzLqpeIMGX1l6XLiy9CIu/DtZZud7c/p0gbpSKvy8y6lzzAPpN6Nb0H4R9LOP4Wc/x+dDO0OISoakPVzrmMdBhvsX+kXz/1FRPP5iM2lxZcH03peIsuKy8xZcuXmXBgw2hOJxGLUes8QMzbtuFh7Dl+ozqLrPO/1qy5V3TncWZvsy+lLgfz5v1dp4lRn0caHpv1LiXrzDdHW+kd+eKqdQ/E3Tdnadpctlwaly+dL0XR8xdLzreYMGKDDbtOY7y86fFEE3xPh73p+UHmdAoCXpetQ9R+03T2Efebob+o0PUw39N+vk0qENMczxpcdtCXTOZdRl6LqMPyv2T7UeDr+KL8w3l5nE5xpcN9Bly4Rl9d5zmXPMuXL0uLmG0Ibw076cGLYvk7dDmbbaXHRdFRdS+4d5Udhg7/AMl+k9Do+jrQK0IQ9Vw9C6XL05iwho9/5Jnf1irvlF7aqwesdLly4/cvOjLuXnS5cXMuXLzFCDgg4ly+8HgmVGAn6KOfiFAAAGAOPRcWLLlAdYOZ7SPv0R6T0b+g/jCttQh630cTfRneOlzeGygKp7Rfrcp0hvpxoOKg5lw30Izi4uq50ZeZe+gsHEUIMuXiY33Pp2/+O8xH+P7i6LFixYs3Q6l7zeZmuKH16Aj6n+J9B6CMzOJxpxDS4sI6LobxZcuXFzLhQH7k+8R0PX8qcY03l6uty4MdtHzF0d450ucS7hoPEHaDLKAKrQBavSYxMa/T2fmXFiy4sYYdDAXvo72EfaOjpv6K9N6b6Hr4la7YhpXrdH0ujvHbQlG6/hl9/RFXer9pwejZnPp7aXo7S5zFjHQgy8wZcGD8RaNG6b9/9fOlxhYwww0jbRj+ulKk7X3j6K4/hfRzqfwGZzoTiG05/gvV+4uly9BZfraLHwI6/YynDxLnEuOlx0JfoY95tvpzF3nOhB66DC2KKjYOLHB2cvtCgAAwBxGFjDDDDDDG+Xj1/uhvDn7cuvH8BnS9HPpI+usTmV6R1deNXfRcuOppdT+0dqL3b8peHiDiGj6AhpvOJcdpzGOnOldYGg6CiTyML/B1YK1aCgOkWMPdHQMMMst+Y5TGXutIA3U/jHeV66039PP8ozl05m8ZfruoNsXs6hp5z3j0ghRUU4T+4pz6RY/rTDg7x0/6ww2S6gwfRety+kvEuLLl6Mv07c0E5LnseXp9mBiagoDoRh0rDDrVljGl6cfxb9Z+SVL1/qj/AAXwwjrd/wAePR004nM30rHru4doKzZd1icAeOkBF87zrWll50vQWXX8EFH3fmP2WLh4l63iDO0uXnEuMuOJevHfRjK7whce+NCtXsRMgcjl+vU+tLLLLpWWXv0Wd3RTcvPq31m35mwN/wASMrQ1u5vK9B6Npz6q9FSmVNpet+i86sGiG2xXl4GH03A+EiV2ZOzpel6ZF+lQUf7XFYgbIQl5ly5cuXLl+i70ueNesIiWPcsezn8SluDm/wCR2IabLDDLL3xllllqxhymDibDvCgev4CP8l+h/gJxp2lwjHaEN4xNbjticQ2zFBxUpwrM1wd/kzAvzcOV/wBjvpcshMg7/wAQ0HT8kdL+tzgl1L5lxZdT3gwYuJxpxic+k+pwrtFs/Xhffn2iuCZKU3bl7wwDghho3bx7owy98ZdNxjKo4Rtowff+o+5P0DxH+Cv4ePSamu+u2pLjuS46MWLboYwS9pt/nvENYKPZwkEBLRYnJpeg5hvzvxBQ/a2Kx+9wcekZzodJvHb040tgXAuNC/dH4i5Ts7geDaAAHEJLcwwmybtV746b0aHQVLly57wI+1Ogbf8AEd4akdDRjevGipgkvSvVxobS9HaHmXo7Ri6e85joXMuDZUb+9N3PmZTszxx/kd5dS5cy8yGh/S47XT8stD0FVoaGdGVzKmzfBOMHljtUHYXHcr7oqAHZWlfoGpb5hN0903Ri5dxlx1uG8xH7yQX555Cv3H18/wAHM2/hJxOJTUHMdDacb+jmX00WOo5m8htplWH/AH2nLQXnh+ZuzDfGvL6QUP6XHSfvSce7DGvOlaG0IBtAdCUxFMkXrkAIIINC4uYsvEvS5cWX1izdM3c/pPswI/L7jv6SefU+nOh6OdDTxPeEcTiLMRjouZcXMufn0E1bkdmJwmS6m4/EMTb8Zh1ufVhrqf2RUn62RYfLpUN9DQhCDB20BiiiizqAXqF40DL7wZjmXc3JcuXpc3lwcy4O9GfmlT7336DRPVzHTj+Bl6EJU2Yxdc6OjN4sXMZelwWJjQe9uP5J+o1hIy9F8UNRFT/vcVqDLly8S8S5feD1l5gwemhZhvmKDHmLOkcRXExQYRcONNiE2hHaEaJ3l7xdosHf+8z88NdxP268/wAFfxHoTGvEanfnV1Yx4IlR7RjHOlwZhu0viyTIsxjtsksBLRZ3Ixn0IaOGD/pcXyg06DN2Jdwy0Oi5hZVXeLsL2hcJhowh6BwnbFoUWO0HvDtOYMuGSb+Fybxla8AS5QXyjgr8g/2CAS1kTnS8xZZLumb76ageX2/yX/DxOZv6Lxpi5U8xqoEe0O+iSusWNRiQ7x3lRIZxK8Uvsu/3cFJsPj2+o76bsFdlxUv7XL1voQl4jvLtinsl30dYUwct0NBEgdzSAW4uMJjuNy0cMQ/vU2b6N0JtzFnRsqEHGgihBlzEMsVtauh0IJ2zngGlqXtjGzVO23eW9lLdiJYx8+2PDOJd6cx4P1nPuw1V0/lj63+AxpzDUuGnOqSqjmMqVWlZ0IImcSsaVGVo9IbzlmX3bff5nGkHs/5ei47oanw8H8zNdh+iXERcMs7xHr3B4MTHHOG1l19RShl1MQK1TWVSqBuBWd5TmxR/MCCBUAgdIIM1CbCLaGdBDdhDiD0hob9FxKaODT5lr1Zexs0/vMCyojIV9FYgN8ayzAinAUD2jnU+pYfQS7QMV9be8j/foP5DW/Qba7mnEfWx3xF0ZcWLox7TiBRhvdWH5josqDw0kXWzA9nTlCvhsvLH1MU7PzM1/SiEHjjQw1tHW2aO4zh8QxAvFy/lwfEd43lR3f1lbS3SBBszdiYQhmDtNmob6CEGotkGGIppVunL/IgNWeJZ8QEKvLwTMeD5lvSX1jBzLh6flQ3152z/AA+i9Ll63pfoPVXrY6MZtL0upvHeXL0WXLj2lwbJTgtGHrv93LAt3+1t9RZwzzBH6i+UjvvfgaE3Y8MAFcJ69pcCu+03B1o1bUbQHS5Mof74m1VuuV1gQYhiEqf5dMsu0EDSJSQdbC3u6QhFrmOoR8ExQlaDYN4WXTxg1FZN4GCIgDqtjO0MNmWFbkVtPlBzPEuDLNmm9yIWE6LEEid02hkY7aXDMcw6whD/AJV/3GK3+USdpF9S5cNN/Q6novXj0XoTf0M2joxQlxY6sZctvtLi9IwZeRll7OT7GYzXSovZgyi2fiGjMMV/WpFRejKHdz9JeixN6gZ5gBCOjmGaG10YlCgwEIYIbzKBLWPJFangdOkOtM5UIKecGood0puIryxmw0mKKbb0JcaCyooWmHmAq4LzsRQ95xsOM5pdecx7E5xuv7wVqIPkXiFBt6XHB+cR7C5aimBMEUbd6KuG8JbLxOYd4S8y6jCMMmN3EzuBOwr+oghYo+DP9TtGEuEuXpdxZcuX6L9HOm831JtK0ZejtosuNb1Flxcy8S4sXk1vRBQ1hkfBvM2rav8ABFBXkChUqJbrFQbZd5jMLxSMiEYbdxL+WDmAQ22fIwNW0O0HLDRugzcN4TeLEHMXIUeow8tDuRVBzF1gsHtCdIdoNy+sOk2zCXF1qHEFg6oof37RC7UnzM51g1yxYOl636jTj1npHrOJeJc5ixYsYwty9F0tu5dQYuYFFLRQEMlXYo+BwTcyJaWY22iisihktQs23MqGhtyQ8zm8MDuaFkQoX5I7w6E3ZlYuEIQMwQJUBt6QzAzDPMOzBjGZ0T8TZF8KL2b3xv8AtiNm90VkgX/jEV/TOqe6TEyLaG0L0BYd2ZTN0cRZv7Q3hBBWpQHVjFlFJ7v+ITiqADmXMReOO8PRdS/5D1mrKdGLFIuIs4ZmtFzoy4sQiAC1WULbRjp5me8qEjiGrbRKWIqnRgKLrHMLrBKtl8VlnwlZi5XU6Q4jZhcrowKG4Vt1hiGIQzLh402ZIGO0AZgFDdOYU4+2E1WP6idJ/rtKTGez/J+1/wAmbA8qXbfOxfYPmWmIHs5unv4ntjgaKQAuUwLgbqbL2Os2cfMu39kp5+aOGdn1Bo4WNvxboAzGsvnenaGytWV4GoN3WFAAAKA0NDRnMvW5f8RtqbehnGJmMYsYwLYjA7Ku6XyxU163S/zvMJbzo6O9QrZ9PeU8/wAu032lnmoA2xMVawtZB0W9IjFKjt2hMrId4KsDlv4jMFJxBGW3thASPumF7MswK5MkAZXMIxDrzLgUAudh2+YqQ4GeYRULPEscPxA9Gpx0hi6PclWy8mcofP8ApAMP9usdq/JnEPsnSX5Td/tm7N4Ud4XwooAR2U/AD/qB2eA/7EPwV/cbM2tAUtgfNmt7cnm2r7SpSksvF950BljbBftHrqLs0CNX0YCQxVD77xGlbqWIHLgEpBLTq8wdZKAl6EIRjH+beEe3r4joY5uO0WbonC+kwHPyQzLlz2f+kOekbjHMWhviXPgNfQMEy0a3WNjBrvCwQY/gMgtHyq+pggilB7bFS2BmAK711hXwx/eKPSE8BzGsmOsFHDUratxshqjdJmCBO3hGUG4R2RcCwcL6FHxLsRUQ7OX62A9rzKwO4jyqdaKrT7HtEeX743rflx7be+bs/lRXdfdP/Qlu6/M7zLdZb1lvWW9Y33oL1mXMfsLHGChFt+4u8qWCAK2H/rEMYAXAeZeXPtK8UwqQVYSjmsZKZes6gaNo1EeCUAAAcE30EHHoY/wb6ceivVx6GPjRIxxOYGNuHceo8MHup3F07u85D2N/9iOGO8W2MkwdRRlo3gCGh2iqzk3hWrlnUJha+2X6lLCHATrQ5ru/EpwNxx2jUZ6AJiOkbAdveD0iSlrDc6hvC6H0FMsLJlTaBwupYGSly68MbFZIrvGPUT/yE/QzYLIw9kV3HT3m+E+YhlTwXZAeUE4WDny6VvYnPZMhTYdDrjJ7ytjMASq4MczoiArtHSOa3sR3+OVsl8ko3ewdA56fKl78ixmBM5FGKDtQGOLH7i5SCobQS/eoYpG6mBaq2OhnJE4UKFcyiqEdWpjaLhXbpHAwyjLCviCEDCEJUIbyo6bwPUHovh9NenpEjGPSJq6G8Iiah5jlSdkd+/DMF/7J0iRVKT6gfcubxLq2I7aMd4apeY56nzNuFuXUMgioz1g0tztsnQf3sQl4uUrDAf1Fc3cOJaI5Z3iWGWiEos6JFbV7DH9W/EUwHj/KId+wgJFNVTt17QcueS9opNkoVQPeFx/uVqBOijTIHnVTYrmW8squYeWI1dw0bIFQ32hUuollWQDuztAJXKRbQkXFUA5YuShHNzIjHO8O7QKL2EFoAcdY0tTc7SvsmoQgQNQ0qM8aVpUCVA0JXXWvRxpzKzokTESOYImhIkTOlA2wf6EGv2Bf6SrAVDk6x5i+JDduXCuxa3inYXKeYixtDJA92o/gpYCW1wR9E1XH628RTdyhjTm5gbJaiymxSgfLBLRsixruBuZSUu6jWw4VgsFOzBLoQgbKarrAgvo7kd/uUQrS94rNKvMDgQVlqUifEAwbiI4a4lLq4IOrD41mDFTd+IveQmxhvdsQoKPd2LjKldswALbSwBv5ljuGIqHtpEECBDQgR0ZxqQ9XHqrQ0rSoxIkSJKiRIkSBtctO2BOTj+kSxiteTk/uCWOcLgdhzHdcfmCt6TBL76HrKVl8TNlseh0rf2iBCAYs5jApe0yqbLzBG3CLmp9BQmCzJ1jhHMi87EIcM8wyFDrFNoie33B0GelTq5F7QGBajjFvePA/9mS7QXlzLX4utobio7xDf5IF3Hsyog5BMPY90eFSBZvkjNDv0gfAEPYhDuoH9/EujpDwgPSIyZsoJUKBYBW610xFDg9EOWIrmb5mAO0xEAhCVCBDTiM31N4ysamjv6ggdYbQ9DqkqJEiTF7QRIEt7V1AwNasJ33F+2GBFKmabTNcxvxl4NkAwiS4PTRfSCFg5GpZW1Vy2y94WUPiN/iXDOH2xsg/MOqvzG2FOYFEXMmYQG6LEWIR5JyvFw6pH7lAktlHhcOdwjgr4OY7W+vmBN5dJwIyt6sJgXGVRXpEuIBQCOSo+IvEwNqT+IY17e7MFU+LTEMY2pC2I4/7pmy6KD9Sh5DIVb7wKpFsWzFt6+PojLSwr7bxh1tXA0quWFFnQ/bKlb3D4uWAxUVDaENRlrb0vEPTWgacQm+pD0cegIsY6Md4xnmXmYJUBlVoIAV37XzH0mxWNy6xMiu8bpev6QU0lMFBtCDOENvYxyhBK7y5S7lAimMdUxAX1YzBt6wS3F7zPJdSUD/ggXAlhxZydfDpixjuDxHaog0vZX81MCxVtpZ+ptIRUvMSXsGSXG4h294Eqmu0U2VchN9T4lRR9IneDicwDcli3MGox4mxfWFgG9x4804agP02hhRz1hTnclisoKYNnp/ZgydLV7Q/HqEIQlaXGGhGHoPRUqG0rTZnErMO88Rww0uOrGMYicvTXxA5Yy7z8kP+BG6l7sdpSq+nxK4DStyHA1jvMW5MeZRZMJ1i+MxevN6dNf7A1RXme0YHFwCgdxgJSO3MTIN8wMsSk2bwQCOZYiLbJa7EqakKKAEvaW4FV0xuN4zesKOwBK+beWz8xY69rEQWxpYE6lbx6PkiypHHcRWLGkBWyX4z/UYOaxKlTDKUCmW1UmCUO7YU5ubPvcahLd4ly8YRwEKLqBDMLiNWrrDeMK3tLRoNDYtb7/EfYEDugyprdm3PDU4kA87f3HRdgvxUHx3A0EIQJWr6qlSoGlYlQJUCGlYhK08TzDnRlaVGMSGYLau68B3i8hNnLsOryzAleB4icVtZ3cHL2ceYX2YLb8TKArUpfiWpzipdAdoPJE8LquDdeXaBXvASXsbCvjmUU0UDeYgbkGZDkhp5dICl1iA0Wgg9LNzvCtIGx3LXxa8RnL4LKuqO9Exvw2cw18vQiSg7xeMo7W8RrlBHB73Qinyik7PUZfoa529+7ZeP8lx1IE6wkLkCL6ck3lhez/tKxgQY0VV1S3YuNzrCK2UH3mDlU52iR2l2SFXMBYpLmBk6SojcFxzmiCF5gkb88UcKngifEMgZWBAHiBPfRw8r7TY/rEoA6StGybQhDvqRlTmEqVpUCVKgejiVOIenm4+i4x7aMkEJzuXW6BPl7YJTgjqlEOsxGthlfaNTh5bKqLNLKhXshFscrfWVOuhcIOpymevWCol1PXW1eCKgjfGITjsxkOksVxtLYS1cTgawzZS4VngInsBAVvar8OYJ87WwFi+tUe8sJLdlPdiwoLC5rqxVjkTHEZrkwsVbZ2/2XiHcZZRZxYUO1rUK22WPONwQTI9w7THtE9o77iIK9ZsOS7mFCXkTmAg1qHdFDIiLxBStcSKBe0upVG1EI3cEWbhcasavwspC7rArmX2vBHLbMdEb4ZbE2WW2uKqD4USVCEPSNCVKgSoQGZtKxK1O2leg7xnDoZPU6PAqnfl5fBBeBgHK9qjGSGAEsOIUHKrx4idB3DcX/RFwXgI3ORt8jAr/ACt0vXPSLSS2Wo5RUt1xEOqWquNq7jbF/EGy4Q729YcUWBORGZpgzCIJme1BbA33Zj91QttY8AmOsCaE0GxwHYCphAsOtCY8YJsnVdY2IhO6V3bx8QtUqLsgMrFVaZe9ABe97INAYAujdfglkdAreKH5Q8sYRoUe8aL7x6Xg/Cn+MCiJbiH5YlQuH55MBAvB9pegIO5tK+bQ29TeE3P2j0j4JXd/jA0rXkmdk+yIuUd5xYbaixCbNygAtv3HXRuWqZdpVfBmOQG/SLidUhs85Eo8eOpUN4QYQ30qVAlQM6DUPU9vTzKlaLUv0LoFZs6evV+fxBa2tAeA5+Yio3gogtHwAlSQcV+GxG6a9cnc9ILc2Ky7xqhxD3Qd0bsbEBEDiL8p8EeDsTfBhg5gPsX7zCQQ6cyjcdeeJiZRzkK8RY7qAybxEQy9jvxN5iZ7Rio6gxahtxnBHajkK495j/ZL5BuvEsphaNimPYeIQNYt30qz3oDO8RtDe8rsADbfPmV7k2+WdZ7y4ciA+JZGksbQXOHmEOlSSywtzhfNDn+WYv7ov/ZG+V+YJZYyse6VBmoqeZbsStXq+8LS/aPQzBG0GCt2/wBTLtAheIUvvKhS+8CEISoRUIqobypmtONekrTnTmJrUI40JvrcWXzAY2f4E3dFq+YJXQK8osPeFR9DygpzQGd/EQLvDS/mNal+YFQBXQm1xbNVzk4seWYgzQADpwv1Y9pQcBx+1iWyx4ZQalxjHRqCO06elGxxfvv5hKVqnUTydb0twQvAyzeLWtCDeUH5faCKAxQ6N9uYCWnh6O0Isjd3vMWOsXmAfEAdIFgrXQmFOTFQLZyupYjsahYm6mKikXptGp+ItwWwuIcZgulTO4i+aWOZVxYQFME5ku+yd9sl/UCFZT7Z/wAh7IR0L6TOEkkmU6pUqVK1qFTEcbziJK505iaPaVAnibzz6GMZwx3Hb8pLQG58oSoUGxENF3ErZYR2EB3m7pEWPEAgXRcVKo8xkbKZaDYDnsRy4sZznde7/wAg5zMWgrHmbFQXQaZVuwtQLTQdWV1nl3eYWBAsJe2GE0OyLrS3TGxHaKMl30hUA6FudFdPzGwSQWCAbW742hJwMGA4DsSoTbasYDgi1ti7TBBQn2F/cptovdGE0Ut1QOEsxW28Rqawqpkq5uCkeIPCK3iK1vBYqtpwMDd3hXIZi71mGQEAIuXYgINF34QaPQuO/qLqiUy57qCM6IVq4QMYNbc3vKsaQAOlFQwTd2h2mIECVCYleioTYhGd4Ho5150rTiOYSpWnOl6w7Xd0fmLv7hd28QYHJjypSWihIqR6Qbg6i9yy40CBOKE/BB9BITaOvKu7URmkovy9Wbxm6PE2x0lQEqCTItagVTfPw/2U+5/K/wCFsLBZb0THnobLdQfEN3OHY5zENhVvA73yVHgisNScBbboDlY4Gsn1BrDNexZ8tTGiGwvrLexwhler2mDAdsSiigULxAo7KUyljmm0vE77EE/v4ID5o6y8QW5Y7BAmFhn+5zVAUB7N7xT8iCls0olu1T2iVl0x5XaG7fAdFO4tynXLBVVDQgTdpxKlQJzOunMZVy9OId4babkNvQaVp002nEZeYsWURw1jofmKCw3HyFsZdVGobgDiAL+W8pHJBLIVYBjk+d4yey5i8DsINy5aeYcGlc3AJMN3aYJ1i8lUBDU+FuA8v4lGtl7nu/r2loRggabp2YvVYYhttXvbDXBzkYlZK92ZkEwwEykMhR2lS8Ce7B7lTeFyrvO3mF+bYdD7gOEDsJwB8QHaj2mfcS3nMGfml/8ApO5LeWZ0IK5Zlq0IQhAMo31QVoCVElSqZWZWhKqbxnENoab6OYE3lZjKlSumlxjtHRpKA9m0mFcqmCjuNzAb2g1DQWISXiI6tMQ+oBtyTlEEjdEuTDDdniWG1NK6HHvKgyzh0MfiZFra5XrLgtS4oVZggO+WXU1UauN1XACfEiqD4mLvN5QMNpm4GIEDQGIWiqxB1Lwi0vUHLQi0qEDtAhAtAxzAo0qBKlSpUqJAuMVKlRIk24hKlYhH08aVosXvFjxmOOOxOGYya3O5HOGrmSZJEWIlQcQxtMsupYRNsE2d4l0WrHJJMIwYCGpsZIBhTG6+Gdtqg0ax+o1MaGEC3aNYHO0QAL6pKy6cmCC6rRa7CUy2gy2aAxmGGjsQkkkGgDOIdkDANlG1t6aDEVHD0MlgggrtCAhFStCVExK1TprVxKlaVKlaMTNwgSpUSMN5zGMe0cccWJsmJ7+wmNYX8PSJdHaZZTN+0yweIUaZhtFziCbe0BjlyYtoyywLFDB8T8MPMuOFsBvlt/coYl1Z7mCxDvvOUxa6uEqiDaXUbkPbTYg5tphyHQ7wsIaAmImHMxmNAUI3SmG3QIqBpXXQFspgMrRVSpUDMqoECBqahmPp2nMesMsqdtONGEdz07kqVobRLjoUvFNkLa5RPGw/MC7LUzVV4lDUZWmgXPu2i4ozPHMylHZZ0WX6jgXK9kJNo21k2lAYQG7z0i90mYX2GVReXjqZZv7sHxLgzv3iHehy/wBEBmg2xKCYJihghASoECBCCd/aE5sJIroITRIEIXAhKxoTzKxp5nEJzH0Gjp3m5OYxekNOJWNeJxN9GJoMLpEG8BXmLZoDuS8HfZlC7jBYfOZ4JLqnHaAd5kob7xSoR0BdSsMQw2nRUZF4hexL12Gdvd4E3HaEwEeI2CvmAygOCIm+73mO0pjiHTGZQQzt0mcTmVAgQNFTmVDGtjEONmIEqVK0E9SVpXo5nGj6X0c6XUZiMrMTQ7QjvohrWlZiYldXbiYkWGXDBTEdX2HkgaVXWssU2YhxKDFx3concHtAQPiUymeYfHEbpPGYNow34nVJbxOeMzZxENmKuZWYhjaGVBUzhxqBBRmyBUqBOqExpcN4wIaeZzKlUfwcS5x6fE4hPzGE8eg1ZWrp11Z//8QAOREAAgIBAAYHBgUDBQEAAAAAAAECEQMEBRASITETICIyQEFRBhQwM0JxNFJhgZEVI1BigKGxwdH/2gAIAQIBAT8A/wBr9o3kWiy/8Vcp9093vvNnu8B6PjZ7vA93ge7R9We7x9We7r1Z7t/qZ0H+pnQP8zPd3+ZiwNfUx4JfmZ0U/wAx0c/zHRz/ADG5k8pG/kh3lw/QjNSVrxffdeRKW6ObZZbLZB3HrpWr26RkcIWj3nJ6nvOT1FpeRGPS0+EiUL7UeZCW8r8S3SsxqojdvqwnunSxOlidLH1Olj6nSx9TpY+p00fU6WHqdND1NIy9I6XIoxZcaxU1xIt12aMj7PHmaJlvsMrdn9/Ez7o+EerRRRRQ0UUNDiNFHIssZglU0ya5PxMuRLl1rL2XtexjGMZY5GOXbRPl4mXIfL4FFFbGihoaGhoYxsw8ckfuT5eJlyHy6yxRklTHhkdBI93l5EsbjzHg5UPBKh4ZXQ9HmhYrdPgS0dpNjQyTGzR/mR+5PxMuQ+WyttCm0LK0LK0dO0SybyojkadnSs6VxHlcmrOkqblRLK91xRJEybLNG+bH7kvEy5Hl1cWLf4+R0MOVGXAkriQxubpC0eK5koO6Qou6Z0ER6PAzY1CVIx6NvK5EtFg+RmxPG6ZldEpWWaI/70fuS8vEy5Hl1KMa3YIlJtmJ70eJGSx2iD3lZFqMnZKpTRKLa4DxTFBylTMr3Y8CE2pGnJblmfJbpbdD45okvLxMuQuXUojxgNcTCuyZF2mYu6Si3KkRW7LiPJ6EZ26JR7SkZl2R8DWWnRro4cX1NC+dElzXiXyI8ijdN0UTE+FEsKbtCSiqRKNsxLsiaUmNpyTJQUiMN3iyUjSNLxYodpmk6fPNwjwQ31NB+dElzXiXyI8iihLYuAsjHK9ik0N3snpePH3pGXXOOPCCsz6yzZeCdIcm+ZfV1fxzol3l4l8iHISKKK2tpcyemYcfekZdb4o91WZNb5X3FRk0zNk70i2+YtnMoplFbNX/AD0PvLxLI8hIS2ZNIx4u+6Mut8ceEFZl1tml3eBPSMmTvSex7UJWKAsYsZ0Z0R0I8BoWPdzJj7y8VDlsz6wxYeF2zPrPLl4R4IlJt2+syrIwIwFAUTJnxYu/KietsEe7bJa6f0wJa5zvkkf1fSP0NTadl0jSNyfoPveKj3TStPy5G43S6lFbWIhAjElKMFcnRn1vjx8MatmbWWfN50v0Kb4sUBYzozozUEa0lv8AQfe8VDumXhN/BhEVRVs0jWkYdnFxZm0jJmdzZRGJGAsYsYsR0RqaFZ2/0Pq8VDkZ/mS+/wABIyZ4YVb5mkaVPNz5DKIxIwIwIxFEUBYzVkN3I3+h9XiocjSPmS+/wM2krGqjzJycnbHsjGyECMRREiMSMRQNBjU2fV4i9mPkaT82X36jeyzNn3ezElx2brFCyMCKEJCRFEIiiaIqkxd5+Kx8jSvnS++xl7c2auzEYxIURLYiJEjEhEjEUTRlxYu8/gV8N9W9mLkzS+GaX36jZly0qQ9qZZZFOTpHRyTSEuPAhEjEjEjESMC4i5srr38N9SyyzFyZp3DPIbLHInPyJOzmPFLnR0NxTiLFJ8KOjcOMjdgo71EMSS3mVGt5IhGNXRCPmRRCIkJGEjzfg2MvbZZi5M1h8+RY5EpEmMhW8rMildp8CqcYiV71czIluqJkVRSHj3uKfAyVwihqqRFGOFijQkJGNEeb+EvhT62J80axdaRIsbGx7ERQokEk7aN0ooSIGHG5vgRx7qFEUTdIIjzfhGrKRRRRRBcWaz4aRIsY0zdZQokYiiUUUUQhKbqKs0bVcn2svD9COBQVI6M6M3DcEqI834qHeZL2b0rT8zyxajF+b/8Aho/sZo0OOabl/wAGL2e1fi5Yk/vxIav0WHdxx/hHumD8i/hGTVeh5O9ij/Bm9mNX5OUK+zM/sfj54cn8mX2Z0uHdp/uPUWmx+j/lC1Hpb5x/5IagzfW0jHqPFDjNtmPRseJVCNG6OBum4bg4E1RHm+q+pfx62Q7zNXfho9ZjRJEoEoEoEsY4G4bh0Z0Z0Y8ZpEaaI+fio82at/DR67GhxHElAcBwNw3DozozcHA01VJEfPZfiF3jVf4aP7/Aoo3RxHAcDcNw3BpIy6VFcI8SWecvMy8asj1a2Pwa7xqr8Mv3KKKK20UUUUNFFFGbLHFHekZtIllf6bcvJEfFLvGqfwy/fq0UUUUUNDQ0UZckcUXKRmzSzS3pbKKM65EfFfUao/DL7sr4VDQ0M0zSOmnS5Ioooo0nhRDl1ntrwP1Gp/w/7srY18Jmn6VX9qH7lCQkJCiaXwaIcviX1L628rrqfUal/D/uUNfCZpmm7vYx8/UoURRFEURRNN4SSIcvgra/hPsTTYtv1Go/w7+5Q0UV15zjBXJmk6ZLJ2YcEbooCiKIoiiKJp67ZDl1L2WX8fNDeiYJ78OO36jUX4d/cooaGhlbZTjHmzJpL5QRk3pu5M3DcNw3RRFEoo1h8why69dWvhxfRZd3ye36jUHyJfcrY0UOI0OyVslEcRxN03SiiuprD5hDu9d+A0qNx3l5GOe9FS2fUez3yZff/wA2VsooaGhoaGhoaKK62sPmsh3V4eStUaM924Py2fUj2d+VP77KKVWzHlxZr6OSdeg+AxjGMY9lEY2yWl4YS3Wx1Jb0dunv+6yHdXiMn9vKpeuzzR7OfLn90VskrVM1JCMYTcfWv4JviNjGMYxj2QdMnq7ek3vcxR6OCht0/wCayHJeI0mNwv0Mct6KZ5o9m32ci+3/ALtsVR7qGxmkZHjg5RVslpkkr3GR0mcr7D5HTzlvVHkPLk3b3eIsuaX0kba7XPbb6mnSvJJkVSS8O5pErkiFxVEZcT2ezKGZ435r/rYxjGMY6G0OcfUeSC80PNj/ADI6fH+ZbH1M+VYoOTMst916+DclHmLjtnLYikOkaPmljkpxfFGgazxaXFK6l6DY2Zs8MXfdD07B+ZEMsM0bg7Q9X4/Nv+T+nYf1/k/p2D0HoOBfSe6YF9KOgwLyRuYFySHlh6oz6XDErTses68jDrGE29/gZNY44rs8TSdLllfa/gjHzfPweWG+qMUq7D2vjsVj2RkRytGPWmkQVRmz+s6U/r/6M2mZc9Ocro6RmPScuNVCTQ9Py+cmPTZv6me9Sfmz3hv1Omf6nSv0Fll6HSTfkSbfPZbS4FSfNkYqPLwuSFq1zMc95D5DGKQ0ubG7IkeZRSFwLQmi0PqoUhvxU/7ct7yG1Q2hooXLiUJkHwsvao3tSs3UbqKQ0vLYtirxDnRO5riQbaocGW1zKGvMZRyRbN5ohJSE72XssUmhtvby4eJlIZTI8JNFsfExO1ROXGtiVk2iKtWcyDpjd7FyH1nxF4eTpEmIfE3GnZVj4GN0zzsT4kpUJdnibySpCXAQuW2y0Wiyy/EzGNljOSG7Ma4jXEaoT3pErIx48RuiPEXBbH1a2JFn6i8LIeyzgNlGNElxJciKoTG7KIrqUhJFFdS34eSsaGhooUSiCJLiN9qiiiMRRRFf4JjQ0bpRQoiVDQ8auyjdEhL/AAlDWyhREttFG6V/gf/EAD4RAAIBAgQCBgYJAgYDAAAAAAABAgMRBAUSIRAxEyAyQEFRBhUiQmFxFCQwM1KBkaGxIzRQcsHR4fA1U4D/2gAIAQMBAT8A/wDl+xZlv8MslzOk8ka5nSTOkkdJIVVnSM6T4HSfA1/A1/A1ryHNeRrXkal5F15F15F4+Rpi+Q013teyrlDDyrP4FPC04LkKnHyFCPkdHHyMdDRWaXXfHJcJDFYjTUV0lc9TYP8AAepcH+AnkGElyVvzMZ6OzppyoO/w8RpxemQ1Z95Q93ZFKCpwUUJ8EJmLwirq65jy+v5Hq+v5Hq+v+E9X4j8J6vxH4T1fiPwHq7EfgZ6uxP4GRy3FSdtDMny54OLlPtMTK+HxcsUnCb0v9vgTtd67/lf/AEKN9fs30/HzPSLL0ksTBfP/AHHvHvMOZQV6q+fG5fhcTExSExSFIjIjIixMUi6E1wzKkqmFqRfkLx7yuZh/vUX4XLly5cuJiYpCYpEZEZEWJiEJGLVqE/k/4F3mPMoferhfimXLlxMTEy4pEZEZEZEZEWREjHbYao/g/wCBd5jzKP3i+fWURJlmWZyFuJidhSFIhVRCRBkEJGY7YWp/lf8AAu8rmUvvF8+rcUhTsa9rHSDmmKRqRrvzFJCfgJ3dyEijuU4ljNNsHV+TF495XMh218+Ny4jc5iL8EazWKQ6mkjXa5ooyvujDQuQjZFjN9sFV+TPPvK5kO2ur42HPfYb3uh28SVvAe5yIuyOkYpb7lPndietWZg1fYwtHTG7451tgavyPB95XMXaXUuLmMuSfCXMT3NkXTE9iLKe7MpwEkukqKy8Opnn9hV+R4PvK5nvcGXLid0PhKV3ci9i6uXVxoSscnYwuX1sRLTCO3n4GByilhfalvLq59tgKny/1PB95R4ly42NilbkdISm3wjOw3dlm+Rh8HiK20YNlD0fqy3qNL9zDZPhqG9rv4iSWy63pB/4+p+X8o8H3lD5ly42XL8IxctkijlWKrdmDKHozXlvUkkUfRvDQ7bbKOX4aj2IIsl9j6RO2X1Py/k8O9PmJ7DfDD4DEYh/04tmH9Ga0t6skv3KHo9haXa9opYWjR+7il9hcuXLly56SP6hP8v5Pd71LmRu0rGCyPEYn2mtK+JhMiw2H3a1P4kYqKsl9g+F+FTEUqfalYqZrSj2U2SzeXuxHmtd+R6zxHn+xm+Oq1sK4T5bD7PemryMtyfD4aEZ2vK3N/Z3JTUVeTsitmcI7U1crY2tV5uy+A+rmf3DH2e9e8Yd3pR+S+xZKSSuyvmCjtT3KtWdR3m7jGMfUzT7gfZ70+ZhHehB/Bfx9jWrxpLfmVq86r9rkMaGMfG5czR/0PzH2e9S5owO+Gpv4L+PsMRilD2Y8yTcndjGMYx8GMuZo/wCj+Y+XepeBlzvhKf8AlX8dfEYm3sw4MYxjQ0NDGPhmn3S+ZLku9S8DLHfB0v8AKv46tzEYj3YcLjGWNI4jiOI0ND4Zp90vmS5Lua68/Ayl3wVL5IuXLjkV63uxGMsWNJoJWirs1RcW/I0Nq7RKBKJJD4Zr92vmS5Lua68/Ayd/UaXyLlxysVKhJ3G7HSQe1xVLSakaordsTVT2YkY1HPRcnKTelMjGWrQ3v/BpqSk4pjhZWZUVibL8M17ESfJd0XWkZK74Gl8i45E5E5DJpuLsUVF2i1uRheMpWNFtLa2KFNuTnayMPTblKRG9PZx3MPRd3ORh6bbcmVIWRiJWZKV+ObdmJPw7pHl1pLZGSy+o0/kOQ5EpDfBEYkYk6TkrJ2FGxYsWGjGVo0o7lSbm7ssWEjN+USfh3RMuXLly57pksvqUByJSJMvwjEhEjESLFuEpKKvJ2MRmMVtT3KsnUeqTNJpLFjOPdJ+HevdMrzCnSwcIvdksznLsqx9KqS5s6ST5sU2Kcl4kcROJTx1u0iOOpPnsLGUfMeNorxJZjBckVMwqPsqxUqTqbydyw0NFjSaTO1ZwJ93fG/smClakiMiMiMhMQhdSxYaLGk0mk0mkz1WlBE+9e6YN/wBMjIjIiyLExC42LFixpNJpNJpLHpB95FfAnz70uwYV+wRkRkRkRZFiYmISEixYsWLFiTUVdmMz2jS9ml7T/Yr5via3vWXwHUlN3k7k+fel2TDv2SLIsjIiyLIsiIQhLq4rFU8LB1KjMfmlXFu3KPl/uXLkHdsnz70uyUXZEZEWRZBkWRZFiELq4nEQw1N1J8kY3GzxdTXPl4LyGxscii73J8+9R7JTdiMiEiLIsjIiyLIsQuo3YznMfpVXRB+zH9/iNjkOZKoYV3TJ8+9R7InYjIhIhIhIjIjIjIiyLExMvwzzNVBPD0nv4v8A0HIlMlUJVSVUy+WqDfxJ8+7a1e3UjyG7MUiMyEyEyMyMyEyEyMhSFI1Gb54qKdGg7y8X5f8AJOrd3ZKqSrEqxKsSrGUO9C/xJ8+7TWmV+ouRN2YpCmRqEKhTncjIjIhMjMjMq4mnRjrqOyMz9InVvTw+y8/Fk65OuTrk65KsSqkqhkbvhU/iyXPu01dFOV1biuRXdmazpCNQp1ClUIVCMyNQqY6lQV6kkjFelEIezQV35sxeaVcTLVVlcliSeIJVyVYlVHUuOQ2ZF/aR/Mnz7v2Z8VyMW7SQ5msUyNWxDGaT1soeBUz6ouykVs6xNT3rfIqYmUndsddjrMlVHUY5jkX6mRr6pAlz7vVV1cg7rguRjnaSHIczpB1iVcnWZOqSmOY5DkNjZcv1EZJ/Zw/74kufd2U3ZuPBcjMnZxHIczU2VaNSn21YlIchyGxj4PilcpZRiasOkjHb+SrTlTk4yW6HwyX+0h/3xJc+5PrT2knwXJmbO2klIlIhK1mjN5ycoX8rlV7jfFj4W4xKOfqnTjBw5JLn5GKrdPUlUfi78cnX1SmPn3R9SoroppyjsJbO5nHKL+Y2NkaltieIb5knfcZhqUa1RQk7IWWwbt0i3KuAhC39RbuxPBUqelynzZ9Foa1HpNrEsJhIc6hWjGM2oO643Y3xy2Dhh6cX5IfPu1rlDL51FeWyKlClRi46bmUzVpU2Y2ipU20jNqTnR1LwGxj4PhZlpeBom/AdGo/dZ9GrP3X+h9DrvlB/ox4HEWvof6cbcLGW4KWKrKNtlzIJRW3c5SUd2Jp7rjgMOpS1SGrIxLtEp0alOopxG5OO6MTQSbi+TMdl1ShLVFXiNcKNCpW7CvY9XYj8JVoVKEkqisz1tWS2iv0HnGJ8Lfoet8Y+T/YeaY58m/0Pp+YS8X+h9IzKXjIcswkrS1fuer8Q/cZhcnrVp6ZrShej0PxsxPo/OKXQu/zMP6O1G71pWXwMLg6eGhppqyJO/LudSGtWKTcXofBK7sYWKhBCkmV3C25SjFxTiiSjJbFahvZlXB23iypl8J7ygmeqqP8A6yOGhR7EbGlEqUJO8kmLC0/CKFQiuSR0SOjRoRoXmaF5jUV48Va+5qS5Icm+fdakNSuuZTnrXxKfaRSfsohsTSkrEG4rTFEUlsipFNGL2gy7XI1PzGOLLMsxdVjijSi3eZrRLWuRSoVJNSjEhGUY7oUzWNtvZmpijLxKuC6ZWbsVMqkuyypSlTdpLg2+Ldi7NTLsu+o793jFt2Rh8uc95mIw1F0nSiuZlGJvQ0T5x2FiIPmVMPGa1QHUs7MjO7suZSpKCu+Y5IVU6WJVowrx9pGNwrw87eB4DEMsaUWLcOfecDhffYrRVhyhHdmAtDG1I+DFBPkjaKuY+OieteJgaW3SMurFWpovYxOYzUujpfmYDE1Fs97si7fmY2iq1JrxLadh/YIfd8PT6SaRRjaJUu1sTcqcG4q7KFacK/SNbkJ6KeqRBpxRjoqUSirQSRJXVkZnXeHpfF8ihgX0d3zZhMK6TXkicvasPeJiFapJcbcbFuq+65fFXbKfISHTi+aIUoJ3sS3fxFaKsjGT9koy2RqLvMMbd7wj/H/JGFP3Rz2WkULu8irNQiVJa5uXmSWl261+DfC/dsC7JlOe4qiL7WLvwESZi5bFGWxmeMVGi4p7symh9Ho3fOW543RBbbl7K5jK3sstuMtw361u74aelkZCkKQpjqDkYqfgYapeJidc8T7fmfITJVdJOuzE1XJ26l+/RdmUqtyNQ1CkairVUVuVJubuU56XchCm6nSvmKoOoSlcrVklZEnff/AkRk48inXXiKZrXiTxCjyKlVzd2X4KQq0kOs2Sqye1xyuPv/8A/9k=\" alt=\"\" width=\"300\" height=\"400\"></p>', '2024-06-21 04:47:44');
INSERT INTO `comments` (`id`, `product_id`, `user_id`, `content`, `created_at`) VALUES
(15, 1, 5, '<p><img src=\"data:image/jpeg;base64,/9j/4AAQSkZJRgABAQEAYABgAAD/2wBDAAgGBgcGBQgHBwcJCQgKDBQNDAsLDBkSEw8UHRofHh0aHBwgJC4nICIsIxwcKDcpLDAxNDQ0Hyc5PTgyPC4zNDL/2wBDAQkJCQwLDBgNDRgyIRwhMjIyMjIyMjIyMjIyMjIyMjIyMjIyMjIyMjIyMjIyMjIyMjIyMjIyMjIyMjIyMjIyMjL/wAARCAKAAoADASIAAhEBAxEB/8QAHwAAAQUBAQEBAQEAAAAAAAAAAAECAwQFBgcICQoL/8QAtRAAAgEDAwIEAwUFBAQAAAF9AQIDAAQRBRIhMUEGE1FhByJxFDKBkaEII0KxwRVS0fAkM2JyggkKFhcYGRolJicoKSo0NTY3ODk6Q0RFRkdISUpTVFVWV1hZWmNkZWZnaGlqc3R1dnd4eXqDhIWGh4iJipKTlJWWl5iZmqKjpKWmp6ipqrKztLW2t7i5usLDxMXGx8jJytLT1NXW19jZ2uHi4+Tl5ufo6erx8vP09fb3+Pn6/8QAHwEAAwEBAQEBAQEBAQAAAAAAAAECAwQFBgcICQoL/8QAtREAAgECBAQDBAcFBAQAAQJ3AAECAxEEBSExBhJBUQdhcRMiMoEIFEKRobHBCSMzUvAVYnLRChYkNOEl8RcYGRomJygpKjU2Nzg5OkNERUZHSElKU1RVVldYWVpjZGVmZ2hpanN0dXZ3eHl6goOEhYaHiImKkpOUlZaXmJmaoqOkpaanqKmqsrO0tba3uLm6wsPExcbHyMnK0tPU1dbX2Nna4uPk5ebn6Onq8vP09fb3+Pn6/9oADAMBAAIRAxEAPwD0Zg6yk44+lPyeoOKskDOaCoI6Vx8tjouRJkgjNIAQ1SKuGqYICKaRLYxXJ4/pTjk4b+lL5ZHSn7Sq4IqySL5g3B6+1DO6nj+VP2549KYQTSAjdmz7fShWwaeRnrTCuKaBkwkJXH9KacsOMUwcc1IFJo3FsNG7/Ipy5/yKeY8c0Z21NrDvcguF3xsueorzjxZp8rQSGN2WRPmUg16WcP1HSszVtOgu7dgRgkYzUzi3qi4tLcy/AuvG8sbeR2+fHlyj0Ir0ENn0/KvCfD0zaF4quNNlOIbgkof9of8A1v5V7Vptx9otFJPzLw1dVOXNG5jONmXc/T8qMn2/KkorQgMn2/KjJ9vyopKQBk+35UZ+n5UUd6AFyf8AIqMk+35U+oz1oAMn/Ipcn2/KkpaBBk/5FGT/AJFFFABk+35UZPt+VFJQMXJ9vyoyfb8qaWUdSPzpDIgP3l/Oi4WY/J/yKMn2/KozNGvV1H400XMJ6SKfpSuh8rJtx/yKNx/yKh+0Rf3xSfaYf74pcy7j5ZdibJ/yKMn/ACKjWWNujg0/jtTumKzQuT7flVhSdo6flVarIIAAJpiHZ+n5UZPt+VJS0wDJ9vyqpfOVhHTk+lW6ztUOI0Hq1AETSHjpUTNwf8KYzfKKaWOaCbjsnd/9aplJx/8AWqFOealBoAVs/wCRUSk7/wD61SE8U1B8+aAHkn/IpuD/AJFPdlA5NRGRT3pgIc0uD6/pRuUjrTxjHWkBGQf8imMMjnH5VOduOtRNgd6AK7wI45AqnLpqscg4rQzSUrAYkmnSqflY1XMN1F0LV0fBppRT1AosFzAj1C5hPzZI9xVlNbGPmBB+laTWcb9VFV30iN+gpgVxra/5FSJrEbHG4VE2hY6ZqI6M6DOKANJL+Nv4hUvmJIO1YbWrRZyDQsrxdCaANOazSXpWTPYTRsSpOKuw6hzhq0o5I5gOhzQBzaTzwt1P41oQalnhjir1xp8cqkgc1kz2MkZ4HFAGukokHBFK0QYVgR3EsLd+PWtKDUkOA/B96AJJLFZPaqr6Ww+6xrUSeOQ8EVPgYpWC5zbWcyHuaZieM5GRXSsgPaomhjI5AosFzn/tl0D1P5VLDqUyuAwzWqbWI9hTfsMW7oKYGiDg4NOBGaYykGiPOcE59K4rnXYey/NT1BB5phPHJxT1JIxTRLHKct16VYYZGarAHdxVlWBXFUmJjAmD9ajYAZ9anPUVC4O+m0JDSoI4FMIGOtT7crTCnWkMi25HFSr0HFIg7U8KRTSExQc8GkcDFOxSH0xQwRByGpk8YZCOxFWCBUe3dxUjPKfGumyQXCXkIxJG25W9xXe+DtYS+sre4U/LMgDD0aq/iWwS5s2Vh+NcZ4MvX0zWLnSJWwrnzYfr3H9aVGXLNxKmuaKZ7ZRUFlcC5tUk74wfrViuw5xKKWkpAFJS0UAFRnrUtRnrQAlLRRQAlFLWbqN+If3MbfvD1I/hqZSUVdjjFydkT3N7Hb8feb0rLmvpJSctgegPSq4IOSQT6nNJlSDnFebVxMpOy2PQp0Ix3HGZuCHJ+tKJGY9ce9VnmjjPb86rtchmxu9gRWHM+rNrLoaQkx1y31NPWZe5x7VkiVlPUn6ineeCWw2G96PaMOQ1/OQnrShlPINZSvIXByOBU4m69jRzhyF8HsDUkczJ0c1necw6j6Yp4lJ7irjVa2JdO+5qSXswibylQy4+XccDPvXGzweMLrW0fMRDnaGWQCNBXSI3vUoPetHWlPRsmEFT1ijctI5YrSKOeQSSqoDuBgE1PWTbagY8JLyvY+laUcscoyjA16FOpGS0OCpCUXqSVl6py0S+9alZeo83cQ9s1qZspE8EH1puc1LIvNRcgmgkkQ4FPLcVAM5p2e1ADwc04HmowacvJFAEFyGZuCRVbynK/eNXpVy1CR8UAU0ilA+8akPnDjNXAmKa+MdKAKMpmX+I1SuLqaPvWrKm4VUmtd46UAUE1SRTyM1OmrJnDZFBsBjpVeTTznAoA00vYX6MKnWVG6GsT7A4PFT21tKr9TQBuxpuqysPtVG0aRcBua00kXHNMBpiGOlMaMAYxVncpFRvg0AZ89tG5+7VCfTlI+Wtd15poTmkBy01jKnIHSoormSF8dMV2DQKw5FZl1pSOCyjBoEUoNVVuG4q2JI5R2OaxprCSEnjiokmkhI5NFxmxJYxSZ4qpJpRzlTU1rfq3Dda0Y5Ub0oAwRbzwNkZq1Heyp98cVrsiN2FQvbRsOlICmupRk/McU43kR53D86bLpqMTiq7aVxwTTuBa+1Q/wB4fnSLdxFwN4/OqDaU/Ymo/wCzJQ4NFwOnkAHAqPpijzEduKQ53YriOoccHinBiBmm7G3daMHdQBIjbgfUGrS9AcVVixnBq0mCvBq4ksaxwetNdhwc06cd8VXfgUPcEThvl600nvUW/gU4HKGgBc7GzUyspqqxyKFdhwQKaYMu4UjrTHWkU5TjqKaW4oeqEhQAaawxzTRIdxFOLZFSMq3kAliYEZyK8s8VWcmm3kOpQDEkD7uO47j8q9cZgVwa5TxNp63FpIMZyKmfdFw3sbHhXVY7uGNlbMc6B1+tdTXi/gXUntZ59LdiJLd/Miz3X0r2O3mWe3SVTwwzXVCXMrmElZ2JaKKKokKKKKACoz1qWoz1oASilpDQBWvbkWtq8p6jgfWuZWYO5LsST3q34muSGigHQDcR61zcl8IU4b5vQV5+KqO/Kjuw0LRubkksUYyX59B3rNn1En7uzb9ax5LszNktkjkjuKjeUE4wFBGTnpXC32OxR7ml9py2CQDn73Y0SyLlvnIx0IHFZ3nBow5GTjAweM0olJXnJA569KllWL6XAEilmBUgZYipzMpxhhx0NZqynHJBGenepUnAJUgE+gpXHY1ElXrnB9KnSb0Hbms2ORHxgLn69KsLIMdwfpTuTYtGXK/L609JMtyR6Cqgk3cnkDniiLAHyccZOe9Fwsa0RB6HirAbjpWckhUDIyB0watpMCOvT1qkyWiZwNnXFIszRHIYg9iKcrBvemPH6fhV3a1ROj0Zowak4AEmHH60y6mWW+idPu7f1rODlQNwqZXFdVLFSWktTnqYZS1RbYio8ChWDDB4NPC16EJxmro4JQcXZjVUU7YKXYe1PVTiqJGBB6U4RjqKcBinAcUwIGX56euBTZD81NDjdigCQ03Zu607cDT1oAYIcikMFWgRimFhmgCr5I9KY0AHarO4U1uaAIlhUjpUkcC+lKvFOBxQAqxqBQ3FMMmKheU5oEPeYqKgN2yjJNRvIc1A5yMUAT/2kN2CKsRXit1rHMXOacmVOaQzolkRhnNDFcdaxRcFR1xQb8r3zTAvzxowOR1rKn09Hzip11FGGGPNPEyOMhhSAxnsJI2ytKrSxnByK2QQaQwo/YUgKC37IMHmnDUk3YJxUk1ip6VRl0x85Bpgaa3KMM7qkEyEdawjaTpnGaQfaU6E0XCxu+YvqKVXTd2rAaS5xyTSJNcBuWNAWNJJZEch1yPapxdrwTkEeorlh4y0pmId5I2Bx86GrkOv6ddf6q8iOexbFY+zj0Nry6nRm8UnIYfSpkmWQAisDzo3GVZW+hpySMn3XYfjSdMOY3S2xs1KknPXrWD9sn6eYD9RU8eoSKV3IDj0NJwkPmRstK+OuaYWG3nvVEalEchlZT9KkF1FIhAcevNTZrcd0WBjNOVwOKgSQFQQQfoaa5wc0hlgkbTTATnpUJJHQ9aI5GOQeooTAvxPjilc56VAr5p+/tTuIikbBDLU4OQPeoWAJxUqHaMUgFIqlqFuHtyKu5pkwDxdeaT1Q0ePa1HJomvQarGCBG2JQO6Hr/jXrfhu/SeAIrAo670Psa47xPp6zQSZUEEVS8A6s8cLWUjfvrJ8D3Q9P8Pwp0JWbiOqrrmPXqWmRyCWNXU5DDIp9dRzhRRRQAUw9afTD1oASkNOptAHFeIpd2oTHOAo259K5K6mGwAnbxlSK6bxLlNQl4x8/wCdcrcvsYYx8vTNeTX1mz1KK91ES3G1RnncuTjrUDXG6MrgBfr1qm85Utz+NU3vFGcN14IHpWag2b81jbhuyuwoiqynPNTC9w2NzBRyeK5p7sxsp8wEbcimSaqC7OGXPof8Kfsmxe0R1YvlcAmTDYxuPFTJc7FUs+Wxxz1BriW1uBAGadCPQtTotZteB9qi5Gfv9KPYSD2se53MV8jSjBGccgjNWY72PPLhcdzXCJrEZKhLmMcckEE4qxHqCuy5lU575zUOk0VzRex2ovBjdvwpHGDUiXoKhd4IPTPHFcWupOu4Egj1Ap39okLgs20jpnNL2bHdHeC7DAdB75q1Fc+kgY1wUWpMoA3Y9AavwasVYbgD7ip5Wgsd0lwCMgj3HpVgTHd94Ee1cnb6qGAwQCfUcGtSO+B46nP4U7kuJu5DDkDmjAxwcGqEN0pHpj1qwr5PGadyLFocd6mSXsfzqorgE9wKlUnFbUqrg7oyqU1NWZZFxH0zUolTH3hVIRpI3PBqX7KMV6tOanG6PMnBwdmXFZCOopwAI4qnHbMP4jU4jYJgGtCSGfrVQk7qtSgjrVc9aAHqxFTq9QUBsUAWw/FMZsjNR+YMdab5oIxQA7dTwwzVXfyad5uDQItjpSE4NQLNS+ZmgBWbmoGPOaeck1GymgCJ+ajPSpGU0wikAym44qTFNxTAjK5qrNGQMir2KYy5FIDGm3571GtzJHjDGtd4FbtVGWyyeKWo7ixaq6kbuRWlBqMcn8QrCe0dah2uh70XA69ZVccGpB0rlIbyaI/eOPQ1q2uqq3D8GncLGtsB6gUnkIe1RR3kb9GFS+cnrQAhtYyOlR/Y4y3QVN56Y+9QJ0z1oA5u78EWruxVSM88Vjz+AYzna+D7ivTM/NyOaGjDDO2uT2a6HSqkkeSN4M1K0YtbzMV/2XIqNrbxDZ9JZSB/eG6vWZIUwflxVaS0VhxzU2ktmVzp7o8wXWtXgIEsKP8AgRVqLxNIpxNaOMd1Oa7uTTkJy0KMPpUD6JYynDW4/AU1OoDUOxzEXieybG92jP8AtLWlBqtlcjCXEbf8Cqzc+ELFyQARWVL4Dhdm8uTac8HFae0kt0RywezNMOM/I35GpPOkH8ZrnW8I6lanEVw/HTDmqxg8R2rMFLOB/eXNHtovdB7N9Gdgt3JtwSDTorp1fJTj2NcUde1m0bFxYBwO6gipovGkGcT2ssZ74GapOm9hcs0dwLtB6ipo7uJjgSL+dclB4p0qfj7QEPowxVk3dncYaOaNs+jUciYrtHWhgT1B/GlJ9K5eNyP9XKw+jVYiu51PMpI9xS9mw5joAwxTWYdPWstbqXqSDTzdtxlankkVzIrarEJIGGOorzUznQPFNvd5xDK3lTfQ9D+Br02SdXBDAj8K4bxVozXtvL5ak4GQQKy5ZKSkaJppo9V0K7EsBhJyU5X6VsV5h4A1qSfSrdrgMtzbHyZgw6gd/wAsV6cpDAEdCM12I5mLRRS0xBUZ61JTDQAlJS0lAHEeLE/09v8AaUHrXDX8ioCc8Y9a7/xpHtkhlGTlMflXkPiHVFhjfkmXoAO9edVg3VaPRpTtTTKeoalHbrl3A9ia5y518nIgU5Pc1nTu91K0srZPrUO0eldUKMUtTnnVk9iWW/upfvSkfSoCJJDkuxPuaXBJ4qYAKMd62SS2MW2yv5GffFW7HSnuptqLnHU+lSW1u80iqoyzHAFel+H/AA6ttbKWXLHk+9Z1J8qNKVPmdzmrXwwdv3cf1q4vhSQjhSBXolrpigcqK049NQj7orm5mzrUYo8rbw3eIvDv+dUp7LUrMFlkcgckHmvZxpiH+Gq9xoUUqnKDn2o1HdHib6xf2jfvoUkU/wAWMVYi8UQlQsiyRevcV3eqeEkOQE+XscdPauC1fwzPZFmRC0fcY5FUowluiXKcdmbVrrySAGG4VuOdpFbtnrZ27fNBIH8R4H415JNZup3REgj04NEOsX9pLnzSwHVWqJYRPYFirfEj3O21Uk5Lj3OK17XUDgYYYPfvXjem+KBOFjb5GHRSa6W01w+YjSEt6YPArknQlE6Y1IzWh6pHNuOQc59KsCQDn171x2nasknyAlG9P/r1vQXRwp3ZWs72Bo2kZtwPSr6NuXNZMUynvn3rQtpQAQfwruwlS0uXucWKheN+xaU4NOLcU0Mh700svrXpHAQz8moNnNWXxTVxmgBgiJ7UGE4qypApxIIoAoGI00KckVbbGajUDfQBCIiTSmE1aXFPYACgCgIiKUcGrDYquzAGgQueaQ81EX+ak3nNADnAqI09j70ztSGMptOxSUCEoxS0UANxTSoqTFJQBCYge1Qtaq3armKTFAGZJZA9Kh+xMBxWxik2ilYdzKWCROhNOP2g8bmrUEY9KXyh6UWAyis4H32pFE+8Hc1a/lDHSmrEu4cUxm+wqRemBzmk29CfSkU7WrmNhCOOaiYYPAqeQZ5BpnbmhgiBgcigrtG6p9vGacq5XFKwXK4YE8in7F64p5jxRj0qtREbxqe1RtEuOQM1Y60mPm9RSGUjawsCHjU49RWRdeH9PnJ3Wyc85Arotg3YIoeFc4PSlZMd7HEz+CtOmLFVMbYyMVSj8DIJQYpSAeK70xjdn0psaKrZFJwRSnI4OXwvqNpIVinkx2Iaq7WuvWvQl8eq16Y+2RcEc1A0S9CKLNbMXNfdHncOsarDkT2YOPTIqwPFMSf8fFvKn4ZruXtIXXmNT+FZ8+h2c/3oF/KhTmh2g+hzkfiXS5Tg3AU+jDFW0vrOb7lxEwP+0KsTeDNOmQ5ixmsS4+HsDbhDKyntir9q+qFyR6M6GyW13fKEXPUium0i5E1uYyctGdv4dq8L1nRNY0RWltb6dQh6bjXo3gbxAmpaZa3ZIEhHlzr6OOv+fetIyT2IlFo7+lpoOadVmYUw0+mHrQAUlLSGgDE8T2TXekO0Yy8XzfUd6+Z/FFwBfPCrE7TjrX1RqN5Dp+m3N5cf6mCJpHz3AHSvkTUrn7bq09yV275C+0dBk5xWbgubmNoSfLylVh8gX86aeBjNSqDyc1EwJbnimgYijFSoN/403GRgd6sRLhvYU27CUbnTeEtOE195jAFU4H1r1eztwFUY7VyXhDTxDZxsR8zcmu7gQACuSb5pHZFcsbE8EQ9KvxRjA4qvGMVbRhgc0kguSLGKf5YI6UgcU/dVklea0SQEFQQawdR0RXU/JkGumMg7mo2dCOcYpNXBNo8Z17wpskaSFSO5wK4nUNKZCRImPcCvoXUbe2ZPmZea4PWtIt5VcRlWB9O1UpSiDjGR43NbvA+eR6EVf03WZLX5Zyzr2PcVcv7draR43TcgPSsmW0yu+E719O4rXSS1MLOLuju9M1bKh1kyhHJ712WnavGYVZJcsxwVbtXilneS2b5TlT1U12WkasJoyFIXI+ZM8muOtQ6o66Va6sz1+yvN6q2Rk1t20nmcZ9s151pl4RH5hk2kEfKxHSu00y7EgGZNwPQ1zQbjJGlSKlE3Vtm/vGlNq2OGOatREMin1FSEcV7Kd0eRYziHQYY5pVzUk9RBhTuFicHih5MVGHHrUckgouwsK0lMWT5jTC2aAOaLhYmWXmnmXiq4HzU40cw+UUuTUL5LU/NNY80XYrIjI5pp4NSGmNTJCiiigBKbTqb3oEFFFJQAUUlFAC0lLSUAJS0UCgBy07tQBS0DDHFIB81O7Ui/epgdDj5SD2qP8KcW9+1JkEBhXPobCYX0qN0w2ecVIx9BSHJWk0gTIt3anq22of4qcOalMqxNuD0nGKIx2qTbiqV2IixSYOakK81G2c9aTBDtpxSkZHNMBPrT8mhMLDfLBqBl2HgVaBPpUb8mhgRjmgqDRtIpBUsoAopfLzTgOaevvQhMYY8LUONjE4zV4DIqJ4+elNoSZzHiSzS5tHJQfMOa828L3TaF4qk06RsW95930Dj/ABFezXdqJ4HQjqK8e8Z6ZJCwuoPlmgcOpHYis7uE7mqSlGx7Xpdz9ps1yfnT5Wq8K4rwbrceoWNrdqcLcJhx/dcdR+ddqK7EczHVGak7VGaYgpDTqaaAOK+KV61n4FvQv/LUqhOegzXzLH80rfXFfQPxslZPCUEYPD3S598A18+QMN/zdzUs1jsTMSF6H2FRAEn19c1alC7Rt5qAKAdn8R5NIL3ZLGnBb0qzZxGa6iiHJZhmozhIgO5rU0W0kNysgO046+lZSehvGOp6BBqttpNsFOC4H3R2qpL43uEkyqDA6D0FVYLC3B3SlpGPcmtKKx03GZUjUerYFZKUYm7hKRDD8RXDjzIdw9jit6x8b210MMrIazf7C0S7GUaENnHDCgeGIIH3KT+dNzi+hKpyR3FtqKTAFWzkVdWXIzXJ2P8Ao7BV7V0MDFlzSuNxsF5qCWsTO5wAK4XW/HEsUhhtYiW9Sa6jV4PPTaSQO9c7JYWFu+94QzZ7jJNHOkNQb2OVGqa9qrkRLKyk/wAI4/OtKHSda8ve6FW64Dc1vR+I9LsT5LyW0LAfdeUAj8gcVPF4itp/nDK0eceZE4dR9cdKJVJW2HGku555rVpN5mZ4trng8da4/cYp32nG04Ir2LxHbJd2nmIAccgivI9RhMGryj1NaU5cyMasXFkcqq+JAB71JbKVYMpYEHjBpYI8nb2PStK1td3YD3zRKQlE3NMuZJkVHY7ugJOBXf6BeTmRIXwUU/KwH9a4Gys34xtPPfjFek+GNKkhhF1JkbuVXt9a5JR55WRu5ckbs7uFwsSgsMgVL5w9axCkxGQxpu24H8Zr0o2SseY7s1pcOODUPlGktg+35zk1P0qyCDy2pDC1WsU4CgCn5RpdmKubRRtBqWikykeDSGrZiBqJ4fSiw2ytTT1qYxMKYUPpTIGGmkVJimkcUwGminYpMUCGUlPxTaAEppFPpKAG0mKdijFMBMUYp4FGKQDMUop2KKBiikPSnilIoAjoXrTsUDrTA23BBK9xUYOOBxU1wR5u71AzUO4FveuVm6HbjjjrTBN2Ip+OahZfmNS20UkmJkMfQ0oODxTKcvBqUymiyrc1KexFQLUo6YrVGTEJzTGHenycDIqEknrUtlIQmpA2R71GT2xSp61Nx2Jl5FMcc09TjtQ+DV9CepF1puKdjnijFSMNvcVIoBXmgCgHDGqsK4oNGaQEE8U7bzmnYRGT6iuR8UaSlxG5xw4rsCKp3tot1aOmOQMis5x5lYuLszyHwNePpeu3ehysVWQmaDPZh1A/nXtljcC5tUf+LGG+teJeLrCbTr2DVbZcTW0gfjuB1Fen+F9Uiu4YZY2zDcxh0+uK0oz5o6iqxs7o6jtTad2ptbmIU006kNAHl/xtgZ/CVvKoO1LkbsfQ4ryVfDNnaWSC9kY6hKgfyl6IDzg+9fQPxA04aj4Ou0KbjCyTgf7rDP6ZryeS1z4iumbncCR9K5683Fo7MPBSi7nnORsKKcFT0NRwx7WLtyeta+qWH2a9lwBsJyKynyx2qOP51bldaGahZ6lmzia7uRtHyrzXX2FmYod2KztDsgsYBHJ6muxtbZSgGK55yOqnDqcxe6xHagohbf8A7p4rJfU76VHuLdQDEMlnO5j/AIV3t5oi3CHCD8qzodG+yNgwEg9flpxlFLYqUJvRM5HTNV1e+1C1s4bl2eWTGGIZcnqcelehaJdynUX0m6dVukBKgNlXA9P8KfplosEga206JGx9/wApVz+NdVbWckqq06QhlOVKxgEfjinKSkthRhKG7M0xvDMAfWuo06LfBn2rHuosSfjXRaQv7kDHas47jn8NzJvoMyEGuK8T2GoXX+i6fHKAVJeZeOeyj+pr0u6tg8nSse/0k3EZUO6MOhBqtmLdWPFrHwRrLajD9siVLdJA0haVTwD2APeuin8ItJqZuNNmezB/55rxXWHRL5H+WbP+8ta+naZLHgzZY1TqNgqMFqZVnoksWmmO4m85sYzsC15N4osTb624I7CvoUwgJjbXkfxDshBqQcDG5P60oaMVRXRw2mQNNOR2BrvNK8NXF2ybLdn3d9vA+ppPhlpEV09xcTxK4Q4BPODXsUKBEVFUKoHQCn7Nze5lKqoaJHOaP4QgtED3WHkHO0dBXSiIAAAYA6VMq8UpSt4QjDY5pzlN3ZGFAFRstTEVGRzVohkiD5KkxkU0ZWPIGaZ5rn+GqIJQKkA4qv5xA+7QLtR1GKALO0Uu2q/2yP1p4uYifvCgCSkNN85D0YUb19RSGNNNKj0p2QaKYiJoxmmmEVMR3qMtigCIw0wxmp/MFO3A0CKZUjtSEc1cwDTWiBoAqYptWGiPaoihFADKKXFGKYBS0lGaQCUUUUASKKU0i040xjKQdaU01fvUAbBbccknpTcAHOeaMfNS45rkZ0IcpPXrSMCT0p6jvS4pWugvYrlcUn0qxj1quVwahqxadydOamFUxkEYNTK7dM1opENErdMVBUu4kdKZjPah6ghrDgEUsY6ignHBzzSKw3danqPoTYoPSjcCODSZyK0uiBNoCDAxUZOKlXoQajK5OaljQDdkYNKx74pBxT1IK0IGNQY6U8MaTAB4opsQ88800ipF+7SkDFOwXON8TaWtzFIpXKuD2rkfAl/JZXF1osjYktn82DP90nkfn/OvUdQhEtuRjkdK8j8Rwvomt22swqR5T4lA7qetYp8lS/RmvxRt2PbbaZbi2SVejCnVh+HL9JovLVgyOBJGfUGtzvXac4tJjmlooEQ3ESzQtE4yjghh7V5LrWkSadrjErxIrKp9fSvXiK5jxbpRu7Fp41Bli+YHPQDnFY1oc0fQ6MPU5JW6M8B1mNmncN2OKx4oS0oYjjqP6V2GuWwuJXmgwWIyydwa5mFlIP8Ae461nB3VjepG2p02joFj966izTgVzOifOn0NdZbrtxWc9zel8JsWsat1H51pR2ELDlRWdaEjFbVu4xSSLkEdhGoyFFOdRGvFWDMuKzb66KJkY9qp2M9ytcHmtvSGPlgHtXOkPwzsOa3dKlUYyRilHcJ7GtKvzZ9arOo71aleNhwwz9aoXG+Mg54NW1qZwHrgHFS4GKpLNT/tI6Uk0a2J3xjivMvibbbhZuP4gy/yr0fzsmuN8eWxu7S1VVJfeQoHrTuhSWgfDbTjbeG1kZcGVt4+mTXdIKytChW30i1iQYCxqP0rVHFbwWh51R3kyUU41GDSkmqIA1H3oLUzdzTFcsx/cp3FMhOUp561RIcU0xoeop2KD0pgQtbow6VGbJD7VZ5pcn0pAUGsCOVcj8aie1uB0kNamaOKLAY4F5E2c7hTxezrw0RrWwDSGJT/AAigDEl1KbshFVn1GbP3a33tY2/hFQPp8TdhRqBjf2k46qaeNWwehq9JpaE8CoH0n0FLUYiash68VbW9jccMKypdNkXoKrNBNH60XA6NZ1Pen5Vq5hbieM9TVqHU2Bw9MVjaaIHpUTIRUcN6rjrVkOr0wK5FNq2Y1PSmGDPSgRXoxUxgYU0oR2oAaDSlqNpoIoGIaRfvUuKFHzUAaW/mpgN3IqueGq1CeCK40dDFFO5pw60pAPBq7E3GFOKhdcGpHyDjNMYk1EikMAqRRk00E9KlUc5pJDYmOcUvSlIwaMr61ZJE/r3FNK/xDvUjDNR4IOB3qGUhoODmphzzSGM4z1pYx2oW4MCDnI4oyalYYWme9W0SmKEpRCcnB609eQKkFUkibldl2jmmbh61aYButUXUo/HSlJWGidGHrUlU8leanUllzUqXQpoSUZWuO8VaUl1ZzIVyHU4rsW6VUvYVmtmGOQKmaugi7M848A6rJHbNYSk/aLCTaAepjPT/AA/CvWY5BJGrqchhkV4pqCnQPFcGpr8sEx8qcdsHv+Br1bQboS25hJyU5X6GtqU+aIqkbM2aKBRWpkFRuoZCCOCMc1JTT6UAeL+KNOistevIY0IkgKuuB1Vhkf1H4VwFzahb2UFdhcFkHpXo/wASdTj0vxxDIyq9tNZpHcEMNyMGYqcewP5GuP1VrWdY7m3lR9p3Aq2cjvXJOLhPyPQpyVSnruP8MHezL1Irr0OMVxPh2VIdZmhVlKnkYNdkzc8VE9zSk7I0rebbWlFdADrXMi4ZeMU46i8a9CalGrZ1Ruxj7351kazemKJHGSobJx2rMtprm6cSSEpH/Cvc+5rQeJpEweRTuQzBuvFgjHlLbzy+rRrwPzNW9O8TnaDkgehGCKlbSYiSREOfQVXfw5K0gaMtEp6/L1p6dAuaN54uNnArJG88r/cjU4/EnsK6LR7651PT0uLmBoM8hWOaj0XR4Yrdd8Id/wC+y8mth7cBeMimkQ5IzLicRSYzTFuwe9R3UaSyGMt83Yis429zHLgE4z1qWaKRuRzgnGaqanbC7kiBGSilh9aW3Rww3c1GNYsf7ck0x7iNLgIp2scdeeKqCuzKrJpaG3YJ5cIjJztxj6VcxUSlTt24Jx29KmFdS0PPYopG6U8CmPTJIjTaWgCqETRttjzSG7x/CafCAUqTy19BTEVTekfwGmNqGP4D+VXdi+gpphQ9hQBntqgA+6fyqP8Atcf3TV9rSNv4RTDp8R/hFF2PQqHVlx0NC6ouealfS4z0FV5NJP8ACaV2Fi3HqEbfxCrSTq3esB9PmVsim5uYX4zRcVjpd2aKxI9SdMB1NX4dQik4zimBbooEiHvSF1HUimAjID1FQvbo3UVL5qY6im+ap6EUgKMumo2cCqE+lkcgVvBs0hGRQByhimgbjNWYb5lID1tvbo/UVRn00HlRSAfDeqcc1cjmVj1rDezliORmkW4lh4INFwsdJwaaQtYf9quvG009NULdaLhY2Nimk8kGs+PUFPU4q0l2jdxTCxIYRSLBzTxIG6GnqfmpiJSATipI/lbmkPIz7UqjiuM6SwMHkYoaoV+mKVieCDVcwrA3NNpNzZ60vPepvcqwmOamHSox1p/QULQTEJyKQdaPpSCquIDmm8EVL1FN2gUmh3HwqCcHmpGiCnIqFflYEVb6iqikxMgOcdarSTeU2CvWrhFVLiPctElZXCO49LgAdKlE4I6VSXjFPHUGo52Vyot7xUTAMc0HpSdKbdybEbrUkJwMUrdKhVuxqdmVuidh6VCRzzTwxpjsR2ptiSOI8YaMl1azJj7wJFVvAutPJZxCY/v7ZvImz3HY/wAq6zVIVmtySORXmaM2heL93S0vRsY9g3b/AAqacuSdu5pJc0PQ9uUggEdDRnFZWj36zWYjc5kj+U+4qzJeRpliT8pwRiuw5i1uBzzXPeL/ABbZeEtKa8uSHkbiC3DYaVv8PU9q5/xN8UNK0WKSO2xdXY6Ip+VT/tH+leBeI/Ed94i1KS8vJzJI35IOwA7Ci5XL1ZBr2vXuvazc6ldSEz3D7nx0HoB7AcV0nwv8LJ4t8Rvb3QcWdvEZZyjbevCjPuf0Brh/YV758CtL+zeGtS1Q5LXdyIkPbbGOf1Y/lSlqCdtUXLv4daTZ+H49V0i3e3vIU3yr5jMJCOG4PSsm3mWaNT7V6/bRqtoFKjbzx+NeU65pTaJrUkS/6iXMkfHQE9PwrCtDS6N8PU15WNjiy1aVvZK2cqMYrMgmHc1s204wBmuY7GYWtte2IWS1t/NUD5lzg/hWdF41ijQB7SYOOoYV27xx3CFGArntT0GM5kVAG9QKtWFG19TJ/wCE6LNgIsQ/3easx+P5oht8xGHbcoqgpFpJtkhVgD121qxalbMgZbe3H1Xmnc7o0YNboIvHN+8nBnbPQRxZH8q2IfEfia5j2R6ep3cKZxt/Qc1Rh1kswSJUBJx8qgfrXXaRbsUEsmSx7ntRfUitGnCOqRzdnoWs29815f3wneQ7mVF2qvsB6V0gVdgz1q/dqNlY8s+zOTjFKW5xJ3HyzRW0bzyMFSNSzt6AcmvAb/W5NT1y81FiR50xZQOy9v0xXb/ErxQtvpy6Rayfv7oZmI/hj9Px/lXlsb4I3AEEYNawh7t2Yzn71keo+GvH81nLFa39xi3YgJIV3KD6HuPrXq2m6rHdlULoWYZBU8GvmOGUoSjAbe1dNoXii+0KYeWTLCrB0QnOz6ex9KtO2hEoKSuj6NXpUbjNRabqEGp6bBe2zBopkDD29qsnmtUczK+ykxVjbUbLTJJIB8tSEU2L5V5pTMgFMBc0tVmukXvUZv4h3oAuUVS/tCL+9R/aMP8AeFAi7RVRL2JjwwqdZUbo1AD9oPamGFG6gVICD3pwU0AVWsY2/hFRnTIz0GK0AtOxSGZbWEi/dc1BJZ3H981t0wgUAc9Jb3K/xE1BuuIzzurpCgPYVG1uj9VFFguY0N+6HD81fjvY3HWiTTUboKoS6dJGcrmjULGqHVuhpawhNPbnnOKuQair4DcGmKxfZVbqKhks0ftU6OrjINSYoAzH01T0FQ/2btOQK2M0oI7ilYLnOT2rp0BqqTKnqK6to0ftUD2Mb9hRYdzDg1B4/vc1owalG5AJ5qVtKiPYVCNIXfxTA2IzkD0IqdRkVWtgDBGw7qKsgFR1rlVzcMUHlcUhY0u/HagCPJBp3akJGaUcnipQ2MJI5HanbyfalYcGmheKpEjTlj1xQQQevWlUckGnMOKTGgBIFKrHNJilApJjY7JFPWRumaYfWlHNUmSyYO3cCo5Du7UBu1NIqm7gReX0IPSnbaawYcinJ83Ws7K5Y5OmDTytM2+hpeQOtPYncXHaoWXBp+5h3pAxPXmpbRS0Gg0NyKeACcYxTZMIpJNPWwirMo2EN0rznxfBAsZDuqtndH6kjuK6nxJ4iTSoHTcqyY5dxwg9x3+leOa74nS+nP2cO8h+/LIefwH+fpUShzG9NW1Z0cfjq5s4laIRQgDa8szE/iFHJNcjr3jbVtRkkRtSuGg5wqHy1I+grmZrl5nJZixzwarOfMG30rpje2pnJxWw2a4eU5Y5zUW3gE8egqbYByeT6npRFay3M6RRoWkkbA5q00jFptkuj6Rd67q1vp1lGXuJ2wo7AdyfYCvq7wxpUWh+HrLTIRiO3hVcn+I9SfxOa4r4T+EE0Wwm1CdM3dyNu4jonYD0B6/lXpap9wY+8MH8KFrqKWmhMi/uQPXrXLeO9OM+kreRjMls24+6ng/0rrccVDdW6XVrLbuMrIhU/iKbV1YUXZ3PFDuCCROVPX2qzbXZUjJqtcJJYXU0DcFGKsD7GqryrnKHafSuFo9GMjrLe6BAq8CJVwcVxltqBRsE1uWmoK2DupLQqxaudCiujyoz6ioE8GQuclnx6ZrXtr9B1IrSivImq0K8kUbDwzaWRDLEpYfxHk1uoojXAFQfbIgO1Qy36D+IUaE6vcnuXHlkk1w/ifWl0qwmnWMyyAfJGO57Z9q07/VmuZDbWpyR99+y/wD1653Ulja7tYp32W7SqszkZwrHBP61N1zJD5Woto8Xv7ue+vJri5fdcSsWkJ/l9KZFzGB1I610fjHwtL4f1Z0wShYleO2awYI2Vl+XhjzXYziW9y1Gm7gjIIq5ApYtE33lGVPqPSooFKMARkcjNXUGYY50HzxsN3v61m0bxdj0f4Ya1JCX0uR8x4LRj09RXqqNmvB/C84s/ElmwxtEnlk+zDj+le7RjAGKdNvYyrxSdyXOKQDJoNKK1OclVcrUZhX0qRT8pppagCB7VWHSqz2SHPFaQIIppAxTAw5LEjOKqmzbNb7KMVXZRk0WFcxHtpB0zT0+0JjDGtNkFAQelFguV4rq4Q881bXUXA5FJ5a5oaJaWo9C1HqKfxcVN9six94VlPb5HFN+znb1pXYzY+0I3RhR5i+tY3kSBeCaTbcKOGJp8wrG1kHvS54rD8+5TrzSi+mXqtO6FY26iJycGqMV+TwwxVnzVcZBouFhJII36gVSl01G5XirwbIpQM07CMnZcWx+Ulh6VKuqMn+sQitBo8+9V5bdHGCtADI9Uic8nH1qwLuFujCqR02IjjioG0x1OUY0rgbCSK3Q1KDWEIrmD7pNTJeTp95DTuFjX5pASDWd/aRx9xqli1FSeQRTCxb0757CFh/dq+R8uKyNHnxYhCM7SRWqJAwrmurm1mMIpD92nkqelNIyKllIjOCMUqcGkINC8Gp6lEwFLgZ6UADsaXvitDMDGOtAQZqQHik78UWQXGGP2pmdpwRVkcdailHOaTjbYaYwkFaarAUvaoiMHIqHpqUiRnGeDSh/cVXfrSgZpczuPlRYyDRgVACQetPLEd6q9xWHkEc0gOeKaHNOWkMdtyKjwQanB46UjAelDiK5ETjmub8U+KINCtC+Q9wR+6jz+p9ql8TeIYdGtWCkNcYyATgL7mvENe1G41S8d5NxMh+hYD+Q7n0pK97G0YXXMzM1nW7vV7qV5Jmbc24nP61ilyFcISc8E1buCFUxxY25+Zum4+g9qhitzgg/xda1WgO7ZTCERlh34FOiXehPp1PrUs3PyqDtX9aSMbFz68VVyLEDDB5HTgZr0X4beGPt8rXc0Xms52Rr2RR95j+ij8a5vwr4YuvEOqxwxRsy7gN235RzySfQCvpPQdAttDsI7aEEhFALt95setC94iT5UXrS3EVuq4C4GMAcVaVDu3ZpwHbtT61MQpKdSGgR5P45tPs/iGZhwJlEg/HrXGzZzXpnxFtgXs58dVZD+HP9a87kjzmuKqrTZ6FF3gjNZ3U8GpYtSki4OR7094KhaHjkVFzQ0Y9fYHBNXYvEjLjkjHvXMNBzSJalmxjNO6HdnWyeKWxhDlvanwT32o8u5SM9hWbpemjcCVrrrO2CqOBUOXRFCW1osEQUDFYmuRb43U9D3rrPJISuc1kqsTbjggZwKjqNanOeJdQi13w9HPJtW9gxDMvfIHDf8CGD+BrzyKBgCWHXGMmta7lM2oSyKSA3BAPBqBhkcjntzwBXepaHFyWegluh3Zx2wauW67YpBg4xnH41CgAwoJIHOKtxA+WQcDccmjmHys2NPjYzWciLljLGB7lWFe/xWlyUyYyPXJArxPwtaS3fiCwtACyrKC4HPfP+Fe3aj4i03Tt0ct0hmXqinJFFPqya6u0h32Sc/wAI/wC+hSfY7gf8syfoRUVnrltcjdERLnosbqzflmtOC+hncxoxEi/eRhhh+Fa6HO4tblNba4AP7o1E0FxnHkv+VbQPFOFMmxhiG46eS/5VaisXYZlbb7CtFiBx3pABj60BYy763jt4kKZyTg5NZvc1t31rLPtMZGFH3T3rHdGRyrAhh2NMTIW6UnapHHFM7UCFoPSig9KADtTk6UgHFPQcUAh4Hy9KXaCOlA6UbuKmxQxolPUVE0CE9KnLVGx4osFxnkJ6VC0JXJU4qYtxTSTT5RXKqzzQt8wyKtRXyHrxQEDdRTvsaNjjmhuwJXLKyq3Q0pQNUH2NlPyk0oEqdeaEwaHmE9jTdrLSNO6j7pqBr7b1BpiLIOeooCI3Vahjvom6kVZWSNxkEUAN+zxHtSrax7ugp/HY05W5oAy9GOYpF9HraQZFYOjHEk49wa3VPGRXNL4mbrYd3p4qMmnBjQmFhXGVqAE5qxkYqDHzEVMhxFyQMigSGlAI+lM2kPik7lImWRqXzCDTFIxkU44IqlsT1Jd5K01iSOlNjPHNPNUtULYjGcdKaRU1RuOahoaZE65HSlUHFSDnpSYqeUq5GRg07HGacRSVVhXGU+M54NO2jFJt7ijlYXHZINUNX1VdNs2YAGXHA9Pc1PPcrAhPVscCvOvFesea32ZWJ3HLEdWPpQ5WLpU+Z3exymuajJqF6zO5lH3gCfvH1P8AsjrXNSvuDncfmPzMerf4D2q7f3IG6GNlJ/5aOOh/2R7D9TWW8ueB0A604rQ2nLWyKpiy5ZuFHQe9QySYRlJxk81K8nzkLzjvVFzvOOuOp96szYyVvMwF7cCrVjYyXTBQrELyTjoKveG/Dl34g1D7LaqcDmSYglYx/iewr2NvCVrpmkLa28QCBcN/eJ/2j3NZVJ22HFLqXfh3Zw2NpHErJ86Bl2Dgew/nXoAX1ryHwZfPY3MunSE+Zavujz1KH/JFeuwyLNCkinIYZFdFNpx0OWpfm1JBS0lLVkBSGlpKAOS8fx7tKtn/ALspH5j/AOtXmrJzXqXjhQfD4J/hmX+teZY5rjxHxHdh/gKjR1E0PtWgEzT/ALOGrC50GMbfJ6Vcs7Esw4q8tnk9a1LK0Axmk2ND7Ky2kcZPpW7BBgZIplvCgwcc1bLbVzQkS2MkKohJryfxnq0sVybVZG2sOSDyR6V32sXrJCwU84rx7xDvmumkY5Oaumk2TJtIxpLso3Ctx3BGalW5kEjFHDEdj1qspDja/wB4cc96JbdjiRCQwFdVkYXfQ17e5jm4I2t9a0oQV+ZCWxyVPUVzEDkuD0ety1nI4J6dMdRWco22NYTvudHpeoyQO5tpWilIKkxcNg+/UV0ujeHbe/dbi8uXkTOTGzAk/ia88kUn9+jbWBwxX+dbWl6tcRyxxSyspb7rg/zqLNGl09Foz0+Xw1oUsYEU8kMg+6TIVx+pFU01fUPDtykV3M17YqeWc5ki91br+FcRJ4g1mwuwkl40inlVkGQw9jW39vj1izGyMLOOSp6N603US1RKpN6Sdz2Swu1uYVIcOdoYMP4gehq70rifAck39mxRyEExs0YHcDriuzYncCO3auqEuaNzhqQ5ZWEO7zOSMUoVi2WP0FOXnk96dVmYVDc2sdymGGGHRh1FTUCgDnbq3kt22uOOxHQ1XHSuolhSeMpIMg1z9zbNbSlDyOoPqKdyWitR2pTSdqYhy9KerYzUY6UCkK5Lv4pu+mDpQKB3HZpCaKSmISkpxpMZNADkqyjCqwWpFBFJlIuKwNSYUiqils1KpOKSQ7j3iQis+a2U1cZ8VXd80WFcx5rMhztqL/SIh8pNa5GTTGjB607CuUI764TqMirC6jIWxsNTeSvpSrCu7pQBV0U/6ZMvqoNbq4Hymud0Vx/aQ5+8ldI4yQRWE97m0QGKMYNNFL16VmWP7U04peq803HNAhd9Kv7w0w5Bp8S4bOaLXBjvIOeKXawXkVODk0Hpir5UthXZWU7TUm4HvSNEzHHajycDJPSpSaB2HjB70xxiq+TnINPBJFLmuO1hw65pc81EzlaN54PrSuOxNnikNReb2xTvMULknFUmKw/cMCoJ7lIVJLAYGSewqjdazBApUHcfReTXJ6v4ijK7d4dgc+Uh4H+8al1EjWFFy3LHiHxAsMT+XyW468n2FeXapqL73Bk3TMPnYdFHoP8AGptY1qa6nKQ/NI3A2jgfQf1rNi02RvnuCSPQdM1K3uzqtZcsShtlm6ZC+p4zSsIoVI3AvjnjpWntQHGM9gB3qtdhFB+UcjoOgq+a5DgkYcsmF+QEA9D3NbHh3wre+Ib6OGJSkHWSTsop+gaDc+JdXhsbWLcAMyN2QD19q+gtD8P2mh2KW8CAY5ZsfePrQ29kZNpakGg6BZ6DYpbWcKovUnHzMfU1oXEHmRMp5zV1Fw2T3pXTikomTk7nkviG3bR9at9WjyFRtkwH9016NoGphrB1yG2jcnPUGsXxPpq3FtKpUEMvSsHwLfyPvsJSfOtiY2z3XtVUXZuLFUV1zHpEd60coWU5Dc1ohgwBHQ1hzY281Jaan5aeW4Bx710mBtUhrIl1F5flQ7PYGqNzrc2lQs8ySSK33COmfQntSbS3GlfRFfx5dqthb2gP7x38wj2HT9a8/CZ5rQ1C8n1Gdridy8jnk+nsKiSL5elcFWfPK6PRpQ5I2KoGDVqIAmmPHgE4xgda5u/8b6ZphZIma8mX+GI/KD7t/hmoUJS0RUpKK1O0jhB7VehjANeOXXxM15iGtba3t4m+5+6L5/E9fwqoPHvi55Aw1BkGfurCgH5YrVYaZi8RE9+jwAKbK3y1jeEdWn1zw3bX1yqrOxZH2jAJU4yB2rYkHFZNNOxqnfU57VgWRq4DVbIsWOK9IvYGkOwKSWOAB1Jq9pngnTZGWbV7tH7/AGZOB9Gbv9BV04yb0FOcYrU8IvtEu4rFb3yWWFzhWI4OKo20xK/MPnHf1r6hvtC03UtMlsoooXtVXaEjI+T0+leEeJfBdzo18zRqWi3cds11Ncq1OaMuZ6HONbxyYlThT1H901ftMlcEfvF4x6iqkO6HdG6kBuoPY1etwQVPUgZB9RUSN4luBcOMjKN8p/Gn+W6DZzlDlPf2qZUUpuxkH7w96nhRbiHbkBwMg+46/wCNRc05ehI6NqWkFk5lh6D1x1FXfDt/FLA9rcDtuRh1U/4VQ0ycw3rxN8pfgj3qtuez1WTyzj5twwKhrQuLvY9k8FXuHWGVdu7LK+PvHpXeITu+Yc1wfhtIp9Lt/JOMgOvOSHHXP1ruIGzCr5PI6Gt6D92zOPEpc9yyAKQ02Mncc5FK9bo5gBpQfmxTR0oX7/4UxD6r3duLmAr/ABrypqxSHg5oA5gqQSDwR1pnatHU4PLn8wD5X5/GqGOKogatKOtC0DrQIBQKXFIKAFooo7UDEoHWilFAiVAKlVahSp0qWWhwXmngU1c5p2aEDI3FVnHNWHNQMMmmSR96XFOxSUwEpQPmpKcv3qAOZ0abdcWj5+8n9K7BHBXBByK4HQZcQ2DH0Fd0jruFc9Tc3iTryOvNOApmR61JGQazsO4Yx1FO6inEfLTQKqwrgVoAqRRSkYoswuMVsdafuB6UoAPaqso2uQKbukJWLiMAOaru3JINVwxB6mnqeeanm0K5Rhxv+tPXg1KYu+KhmkWFwpBZj0UVPK1qO99EK4BpnT5fbIqGa/SMKrDa7naufWmaiZ49CmurdgJ4UYAsO+OKas2WoStqUdW1yz0oYllXzccID0+vpXJ3fiuW5OYlcx99xwtcbe6gBKzysbi5fqclsms+aa+vht2CKPpyw/lWTbZ2Qpwj5s6HUPEaHIMzSk/wRDj865ye+vL1jHHEsUfZR1H1NSRWUS/NJJLIRxycA0kk6xfKAI19MYoVlsW7+g62gjt+doLt3z1/+tUkswKH5sseueP8iqDXf93d/jVKa7ZgRk+rVSTZLkoovSXSplVGSKq2Nle+INVjsrMbnY/M/wDDGvr9KhsrS61a8SysojJNMcKF5z7/AEHrXu/g/wAFWnhjT+SJr2UAyy9voKvbRHPOd9yx4V8N23hnS1hhXM7AeZIRyfb8631bgsxAA5JJwB9aivLu306xnvbuQR21vGZJX9FAyfxr5n8XePNT8U3spmleKwDZhs1bCIvbP95vUmqhTbOaUz6UuNa0m1CmfU7GLd033CDP61WfxToAXJ13TOf+npP8a+TftirgiJcd+1H21O0Z56YrX2aI5mfVVxf6bqEDCC+t5j/0zcN/KuV0uzj0fxTcanKx+zSwbAEUsS24H+X868NRLiFUkKTW2/lWGUzVtNa1aIhf7RucDp+8OKSpRvzA5u1j6Du/FVgkLf6Pdv8ASMD+ZrEPjS2W4zFZXcqgc7NmcfQtzXkC+JNWUYN7MQevzVPD4luEYeYWYD1Y1qRY9QT4gaFJcCJ7maxlB+5eQmPP0PT9a6vTtWs9Rh8uSSKa3kGAysGU/jXicnia0u4fKu4ZXX3II/Wqf2vS4j5lg17ZzZzut22j8RnBoBHvFz4UtJH3W8htwOw+YN79axfENhH4Z0w6hf3MYtQQoIHzFj0AXufpXC6F8Udd0SUC5Eeq2oH3JP3Ug/EZFcr4g8Uaz4puhPq968wQkxRABY48/wB1Rx079aydCmzZVpoXXvEt7rrtCrNa2GeIUPzP/vt3+g4rlzag3axrnZu+Ze4FX8gfhXbaWIJ/hbqs6Kont22SFI1BI3KRuI5PB7+lWo8qtFEOV3eTOMfdJtDuzBRhQWJCj0HoKVE55qIPkU7cQpx6GqsibnuPgGx8jwbY54Mu6U/8CY/0xXS+QzEKoyxOBUGkQrZ6LYwKuBHbxr/46K27a2cIJGGCw/IVwxjzyO2UuSJJa21hp0RkZRJckYLNzj2HpXOavI0xYIuMnoO1dL9lXy2cLnHSqsWnrJOoK9Dk11culkcvM73ZBommy2ewwuVby8OMcHPrTNY0aO5haJ8ys3LsR0+laN601gVnhxx2PQ+1QJ4isJsR3EUkEjccLuUn8KqytZiu27o8k8R+EVUO1sjeYpzt/rXHrbvBJ5bjBByte9ahbQXDeZbzJJztwp5rzvxbpK2d3HKEx5j8DHNc8lbY6ac77nMI2yTBIx3qCKY297jPBP8An9KvS2/ynjuRVC6gc+W+DyM5rNHTJMtTMNyXOSSrbJOOeO9Jqp/eQ3inrgP7+9Vw7LKyMPlcZp7nzNNEZzlT3piTPQ/BzvLAgR8FRuVs16rZBjCodySYwCrda8S8A3my5W2kJHdSfSvarAl4oSTl1BHB+9U0NJNEYvVJl8H7u37uMintzTUYMqlehpx6V2I4BO1InLk0GiLoT6mqESUhpRQaAK15D59qy/xLyKwcV0w61lXFsqysAODyKaJaM3FGOatm3FN+zmgRWxRjmpzCRTfLIPSmBHil20/aaKAI9tG2pMikJFAhFqVeKhzRupWHctBqUmqvmGjeadguSuabUZajdSAeRTMUbjRmmAYpVHzU3NKDzQBwXh8GbSLdlPzRswH4Ma6iDVgxKtEysO2a5LRpX0u2a3kQP85YFT6mtZdVhL5aFwR3xWfuTWpp70XodKNSjAyVf8qli1OADO5h9RXODVbYjqw+q0v9q2ueS3/fNL2UA55HWrqFs6/61fxqUXMDD5ZFP41yS6hZt/y0H4ipVuLdvuyKfxqvZoXMzrllTaMOD+NP3gr1rk1Zez/rUyM/8MzD6GhU2HMdMDg1DcDLBqxVluFHE7fjUn2m5xgyZ/Ck6TaGpovmnblRMk1RinuHJyyAD261NNJjylYg7j6Vg1yuzNYpy1LX20qmSowKw9Z8QRWVuuoJbvNbP8hkXojDgq3oa1MI4Kn0rzfVtXOlT65pGC8Fxsmi77ZBwfwPH5VPO9jaFNXvYV/GX9r+MLHTYY9sUKtLIx7tjAH4V6HPH9u0qW3DlRIhU/iMZr53srq60/xPpt5HEZGnkKlB1bccfpX0HpbOYBvHOOlSm0zebTj6HjM+kz2M8ltcq29GxtjXr75qOQR20e6VRCueAw5P4dTXbfEa5g05ILzhZHYxnA5OBmvJbzXZppmaMBSeN79alQlJlqpFI1Zb55MqgMaju3DH8O1ZcspZ8AKc9Oc1BbWl5fyYHnTMf4FX+grsNK+G+v36KfJjsY26tOdrY+gyauyRm5tnIyN5eVdiZG7L1/8ArVp+H/C+qeJrzybOEiJT+8mYfJGPc9z7V6lpXwp0Sx2veyyXsh5Kn5V/xNd5ZWtvZ2y2trBHDCgwscahVH4Va8jnnURheGfBtj4YsTHbDzLmQfvrlh8zew9B7VsNvU4FXx0I9KhdMnNPlMuZt6nnXxXnv7nw7aaLp0Ek9zqVyFMcY5KINx/DO2uO0n4Oymykl1uUx3BP7uK3kDBR6scc/QV7VcWbzbniKJIEKrIRnbn/APVTbe3lW1jS4kWWUDDOFwCfpVq6ViHY8UPw40+0JAR3kHGZAW/H2qTS/B0C3rtNGVjgAIQoMOc4H4d69V1CwBO8Bs98HqKyRarDOAUk2ygrub+E9Rn06UX11DoefapoLTRusygq3XnBB9frXCXllLYz+ROvXlH7MK90vrHdERtOe+RXG614fS/tjAYwkq8xyj+A+/sa0TsydzzQZB2mphCSOBmmyxujvDKu2aNirD3rZ0+Swg0/fOHeYfwYwB9T2q0rkt2MyLTric/ImauGyNmP3t6iSdo413N/9aoLnXELFEcsP+ecA4/E1U+1XsnEMUcC56tyf8KdkF2W3+0ynaHmK/7TY/QVG1qU4aRBgfxMB/OoRZXdyf313KQey/KKmTRLccum7/eJNKw7kR+yR/euoB/wLP8AKnLfWsMMkKak4ikwXjjDbXx0yOh/GrSadAvCxRgA/wB2p1s1HAQc+1OwuYyDdaYf+WrH6REf1oE+l8f6RKMesddDHpYkHCACpBo75GIwfwo5WHMba/F5yMPHabQMBVjdBj2610KfHWKVFRtOsyAMcXDD+Yrg20ZmOGgX8RUcnhiJhloE3HsAOBUqklsinVb3PRT8Z7h4yIdBtpV/2Ls5/lT7P41WUMv+n+H7yInvFMGx+BArymXwzbD7qyRt6o9RHS9VtlzbXTSKOiTDINVYnmR7ePi14X1O2USi+tpCeUaDfj8VJrd0mKx1m0/tGwnjuLc5CyIe/cH0I9DXzX9pEMm3U7J4D2mh6D8K73wN4yufC8Uohjj1DS53EkqxnDo2Mbh6HGOvXAqJRuikz0rVtL2wO6qRjg4OCK5jVIiV/fhiIl2xktnPHX1rrodf0/XrR59PnDj+JW+V4xj+JexrlPFO+0sndiuCRs9QK5JprY6qTu1c5N2UlEHuSfSoLmAtboMZPrVCOfdKXMg54Oa0VmLxhQwJc7FweBk9fyrLVM73ZxKNxAVkiOScr0/Cq+/bbeae7DP41t6jAqkMvXZhB7YxWFOpS2CKP4hxVp3Ri1ZnU6DE1rDbXO35Rcld3qMV7dppBt7VmYZKYUg14zpyKdBteT5pn6dq9h0RG/sy2WTrnIyOlTSfvixK9xGwhO0YHIODmnnGKjjJIUgY5Oc1KfuV2o88iY4U1JGMIKjPOB6mpaYhaDQKDTEN71DdplA/p1qagqHUqe4oAzaMUEhWIPUU1nApkAabtzTDLSed7UwHlKaU9qcGJpSaAImiBFRNER0q1mgigCgUYU3mtAqD2ppgBFAFGirLW5qJoWHagCM0CgqaFoAfijFLSd6AExzSgc0UoHNAHnTyYc9OtKJT61itq9uZWG8DmpBqcHaQfnXHY6bmwJD3Ip4k9xWMNRiJ++KkW9jPOc0WC5riY+xqRZv9layRdr2p4u/andi0NtLgd0FWoZo2P3SPxrn1vParUF7z0qlNktHUwIjjh3H41a8jjCyMayLC78wgYq5b6gqSlXP8WCKc6jS0Kp01JksEoF68RZsgA4Ip+qSGEW8o6B8H8aq6ndRpe2kyYG4lCfr0q3eKLrT5I887cg+45rBu7dzpUbWJ7eYH5t2M15R4py3ibVpTnbGFQEduBXp+iwJPFsYhndCQT2Neb+JlT+0bgR8vPcBTn6YpSi0rm0LXdjDiVY9V0+6OMQSI3uPUY/GvddP2Nao6EMpGQR3rx2ezAuMKOhyp+h5Fep+Hpi+lRMWyQNrfWohL3rCrR925wvxNsLvWdX0+ytLeSZkRnOwcAk45PToKytL+GccWybWbkevkw/yLf4V7FbrG6uWUE7j1qRrW2fho1rshBNXZxzqtaI5LT7DT9NjCWccUI7bRg1pJIV+7L+tar6bZuMeUtQSaNaMM42/Q1taPY525PqVxcy5HzA4qVb2YHpSHRrdWysrqf96pPsYHSUUuWHYLyHJqbLncmfxq1HK0yAbSueTnsKoi32MGLBgO1aVqu7A7Dlvc0uWPQab6lhYhj2qtPCFkWUFuuDzxV3qcdqZKm6MqPwpsChcRBlYeozWJd2wdeX45UjHeujlAzj1FZdzEpKqy53N1x3HesZIpHNrMLeIW9xLkqdiyNxk+hrmvEmt2WiApL890y7lgUjOPVj2FRePfGdlowks7RY5L/d+8JXIgPb6v7du9eL3V5cahM8s7sQ53EFslj6k960gnb3hSt0NTUtcW8vpJ44o3lYYJUYUAe/U1SCTXbZuJCyj+AcKPwpsFv5jrs6Vrx2mI/X3rREMhhtVxiNQAK0rez3SBAMk0+GIRRhMfNnJNXY1KnjG7+lUoktkYiVBhRn3qB8liM96us2SMY+nrVcxfMT1Y96qwkLGmV981PHFgj9M0QqcYq2qYYcEgU0hEsK9BjkHrV1SdoPfp0qpHzJjPHoKsqSq8YLdzVCJGQknJGPaoMnkZ+YjA5qYAFCzduaqvgkgnn0FMBMZOSBxULuofkck1OCDnJySKpydWyeM0gLAtIbtSjhMHs1Yl54YmsZvtWlXJgmB+5j5WrVif5MDI4q/DcK+1JBn0pWTC9jm9N15o7xEl3abqa8BlO1JPoe2fQ8GrvizxDqurRWkUqJHHAuGZCRvbuTn+VWNa0eDUYysqAsR8pHGPpXMQX02kv/Z2rI0lmThJiPmUfXuKynTubQnZjBLNG25Vzn0ORWtaXiMVzHgk5+UnIrD1e1n0m4WSKTfayjdG45GPrT7O/W4xHdM3tJ/Ev+I+tclSmzupVTtkTz0yTuBGMnrU40MTldkbcdQTXKQ397pl0EaTcpHyn+BxXY6R4ghKqbhDDuOA3bPp6VyyU47HXGUZHV2GmB00+28vhCCVHYdzXotlGI4Y0P3NxwT2NcXpN+qyRyoysR0Oa6yxvoZMKWKbmzgiqoNXuc+IUmjWXdtx0KtwT3FSAcNySCcj2qCCVWUbWXdu55qdeh5zya7UcLI15b6VJTEGAec80+qQmOFFAopiEoFFLQBj6mHhudyjKuM/jVPz2xypreuYw8OSM7eaoMiEfdFMlozxOO4qZJovUVM0EbdVqB7CNunFMRMHjI4Ip2QfSs5rCRT8khH40ghu06NmkBpgUYqiLqZBh0NSpeo3Xj60wLNOFRrIrdCKkU0gQ/tTSoxUgxihgMUDKrRqaj8gVM4IPFNBx1piIjDxxTPKNW9wpMjtQBVMZpQhzVjFAHPNAHzXe+HdYE0jLjBYkVnSafrEHDA/lXqUiHzDyetNMatw6BvqKwubXPMIxqqdUJqdLjVhwInP4V6EbSLdkRj8qcsCJ0RR+FAXOBXVdVhPzW7n8Kmj8R3Sn95bsPwruWhRuqKfwqGSwhccwofwpWQXZyi+KwPvRMPwqxH4wiXkritl9Gtm6wL+VRf8I3Zu3+qA/CiyHc0tF8VpM64iZsn+EZ/lWlrF3JBIt5ChOcMUHUj0qro3g6wadXaLBBBDIcEH14rX1q2jhRoA2VUYHrWVV2Rvh7c5C7R6zpRmjm2skfnRf7wPT69q09O1JLmySRWJ3LwB/KvNYdWl0PURtLPZMx82PGTg9x710vhzWLD+057SKZXQMJY9vdW649we3vUqzSZ1y7HReF9Yjg1aWxuDtlhZmQNwSv8A9bp+VcZqc32jXJ5Ih+7EzuM9Mk10Pj3R4Li/sL+1dlYkO3ltg/jjsfTvVD+zfIsWkZfm/hFFR2XIEUvi7gFUpbkDdgjcfcmu40dPKtdoPA6VxWn2sjW7Fs7c8e1dxpZ3WW72xmsIfEKr8NjE8Q+LT4duYIfss0xnQvmNScYOKxn+I93keVpN24PpE3+Fen6bbxSWu+SNWJY4JFXhbwjpGo/CvQpp8qPOm1zM8ifx3q8n+p0W+PH/ADxb/Cj/AISrxFNB8miaiJP+uRxXr/loOiL+VGxf7o/Kr1IujxR9Y8czHEejXYHuoH9akFz46kII0SYeuXA/rXs+0egox7UWfcL+RyehJejRrY6lH5d4wLSx5ztOTgfliuitl2x+55NQSLvvX9jVxBxTQmPFRzoWiYKSrDkEVIeKHPyN9KYikjF0jY9cHNeefEjx1F4WtJLK1cHUpowVx1gU9z7nsPxrqfEHiG38NaFLqU+1nXMcMf8Afc9B9B1PsK+Wta1a48QavcX11IZCzlix/iJ70ox6sbZSlmkvJ2uJ2JLEkAnPXv7mpYYTKwxyDUIBeQKOtbtla7Iwe/c1W5LJbO2WIAAdRV+Nf/re1MRMLjvUibmIAGKtIkeqjPt3NTB8kDoO9IiMTgdKeVWMAsct2GKokkKkHOOoyacio4yDzTEJcFzn2qeILghI8se9MBkaANyfxx0qbEedqkk980vlyAkDjjn3qVE2jDDJPrTELFlTwOvepFUF85x9DUR+XIHFNDMz4OdhHAXgmmBZdmCFgOg4quDheOp/WpzIu0BxxUEpZeA35UCI95LYAP4Co3UsORgZ5xUmz94N7lVx0HensihSMHnjrSGV4gxbd+lTWw+dWb7xPSolU5J/LBqyoDKMrgjkH0NAFuO4YNsdV2n25qDVdIg1G0KOm9T0IHIpvzZBPY/nWpYv84RuQ3tQI8+giNhM/h/Vzi0nObec/wDLJux+nrWVPp91pt7LbTLtkibB9COx+lep+JPDUGqaXJCflmQb4ZPQ+n0NcxoEsevCOz1BM31kPJlJ4LxZwDn1U/oawqx0OilLXUytPuFki+zXAymMrxnbWjbWzxgeU26P+7nIIrfv/BD2c4e3+YDk+o96W18PzxuYwxKtyvGPwrz5TR6UFfcg0fVpLC7SFXCxv/A54/CvUNC1FbjywW6jgE9K8wutIDHypI2DgHnpj6VueFLq5jmFrNw6HcjZ+8PSsJNX5kbOLasz2S2YNEAVGQ3Bx2q8vGSM4JzisnS5CyowxyMn1rVToOprvpu6PMmrMO5paYzgMaaJhmtDMnFFC8jIoqhCUtFFABjKkeorOZcMR6VpCqF4RHNzwGGaaEyKkNG8HoaKZIUuKKWkA0op6ioXtI3HSrFNoAz3snTmNyKYhuojz8wrSowKAKq3rL99SKVtRjA5NTmJW6iq8llG+eKBkX9oxMeHFSLcIw6iqE2kZbKmmLp0yDhjRcRqZVhwabuK96zxDdRDIbNNBuyeRQBp+caY1wA3JqmFnPWka1aRgSSaAOKcfOfrTdtSuPnP1pAtc5sR7RRsFTbaXZQBDsFL5eanEdPWL2oAriHParENtkjipkhHpV+2gyw4poRd0u1Cc4AqPUtLiu9Qbzc4IBAzWtaxhVFN1FNphm9PlNOpFOJdKTjM5HUfBVvcITGzq2PqK5G48DzWVykrTs2xtyhMg5/CvXo23JUbWivlmAJNcvL2O1TfU4bTRd3m1bqErtbJY9G/D1roWsPtKhMYX+lXJYFRlwMZNX7eP5c9aIxu9RVKjMr+z0gsmUDG1eKtaaPK08jPvVi5QujIo4706CDKRQgfeYL+FU42loZc146m7Yx+VZQqeu3J/HmrFH0pa7ErKxyN3YlFLSUxCUUtNPAz6UAUcYlkb1arS/dFVWPOfU1bjOUFACN0prn92fpT3PFc3431s6B4RvbyM4uGXybf/ro/A/Lk/hTSuxHhXxW8TSapqptoJ82kDNDAg78/O/4kYHsK4EJ5UAHfqafeyfaNRfDblj+RT6470pG4hapiLOnWuR5rjqeK2l4HAy1VrWP5VUcYHStGNAgyeMdvWqSJZJDCT8z9u1WCo6gfdqsJjvUAYB496keR4zsHJPQ1SJJ8hRwelJHCZn3E4QH5mPf2qJct8pONx6+1XcxtEqglVXp/+qmtQGNtxtj+6O+Kox3t5ucwCBIwcAOpOf1rWAhERwNx7ZrKtE3RSnAHznoaGJEUmo6iDnzoR9I//r01r7VflLXDKCcAiDGT/WvY7Tw3oGr+GPDF7qbxwtawq7jgfaEDY2H1+bb+fvWlJqemyeJdVtNWkVW0OUaha9PuFPmH4E9PcVHMy7I8OhtNZvlDwi+mVnEQMURILn+HgdfaprrS9T0u4EGoi9tpyoYRytg49cV7Bc+INA0y7/sOy1FLOO7tJJ4r3I2wzSnPJHQkd+1eX6zpx066jWTWrbVZmXLvbytKEHYFj1Pt2pq7BkejytNBcJI5bypCMsc8VcwMk8e9Z+g5Et+vX94GwfpWh0YggY7e1WtjN7iEbmBzj3pzgcDGfajrjH/6qdtJOeuP1pgJHErHLEVMEBwAD/hUBlSMYXG6g3qxL8oBc80AT+Si5Zuw6VctdslwHGAE9qyDLcT8swVR+AHpUsTSBOXO3uAcAj8qBnVQ3CXPGQSnauD8Twnwv4vtNdt1H2ec7ZlHvwa6C3nMEik8IT3PJqPxdYJqPh2dUV2ZRvXPPIqWho7OxuQbDevlvbHawAGWIPetOK1izImf3bcx8fcNcH8LNRk1Lw59jdlM1tJt+Y/w56V6elqQ0uDw5G0AdK82pT947oVNDK8R6XDe6f8Aa0X9/AoDjGM+9YWl2CvMH+ZcpxXbXSbrWcnLeYuzB6dKp6dp4W0hUDJCgHA6VzVIXkrHTSqWjqbelRlIoTnGFwQetaijheTwc9KhhQIpC4C4wMVP35yeMGu2nGyscU3d3K1znzxtPbkUqr60+VQZc9DSgVZJLGMLinUi9KWrJCiiigBRVPUrb7RApBwynrVsUMu5CPUUAc8bWZPuvSf6SnvWkRg0w0yDOM9wvVaUX0i/eQ1f2j0ppiQ9qQyn/aQHVSKeuoRt1OPrU5toz/CKgewRugoAmSZH+6al61mGzkiOY2NTxTSqMOpp3EXDTc1ELodCKQ3cXcigCTPNPGKq/a4ifvD86kWdG6GmBKQD2pNi+lIHXPWnbh60AJ5a+lAjXNLQM5oA84dfnNAWpmX5zRsrmNhgWnBKkC08LTAjCVKqU8JUqJQII4+a07WLpVeGLmtO3j4FWkItxLgU+6h860kQD5gMr9RSoKnXrVW0FezuYVtNztbqKvo2aztViNnd71GI35FOtrnf0Ncj0djvj70eZFm4QcGp7bbjHGKryHfH602Lchp7Mh6l1ohu4qW3QfbYvbJ/SmI+QKnjIWWN/Q81S3Mn2NKlpKWukwCiiigBKhnbEePXipqqXLZfHoKAITU0T/LioDTlOKAJ3bmvHfjZrQRrDTkbi3ie7kH+0fkT/wBmNeuu2RXzN8UNROoeJdWm3ZU3K2qf7sYx/Orj3JZxFsvG4/jV6yQPMSegqsgCxDHU1o2SBUx360AzUhAQZ6VMEaVgx+VR0HrVcgkA5H0qxDnOW5x+lWQycqqoNq5J6k1Mi7s7iPm6AfyqNXLHaB19RUixsrYJLZ9qoQ17facg4Of1qSMEnB/lUqk4Ht+lKyx5z6mnYLkbsUBPAOPXiobeSGG2LTyqu87unOMkH69KkcZPIJ9MVDLp6yqA7yhR0QSHA+gpAbVzdeDGihR9W1y5WE/KvlqoQE87QScVA+peBwzM1jrt05PWS5Rcn3IBNZqaNaDG9ZB7NK38hT20uwGQIRuHYsWzSsx3RMmu+F4SCnhqeUYGfOvWwTzk8Ae1Mv8AxXo81jJb2vh+0s3fBEySs7rg9snvUkWl2eM/ZoiQf7gq0lrAnKwxAeoQU+Vi5kZXhu4Sae8KlsuFI46mtl1EbZfOT2p/mKqcjGOmKrXW1imNxPXluBVJWQtyb5cblP4ioJbggYBAY8VBJIuNoOTnoDyadHAzHdIQq+lFwBeFHck85OKlSEtzk59xUgMSDairntxTo8hgS2B7GgB8ceAxI59Seaei7izNgZ5weaabljlFA5HWgPsYfMCRzx/WgRZRNqltvTpmtCSZ7vTvKJxvUrxWOZ5JG2qwI74q8sjQQqScjPSgZzfw31A6H46ns5OI5G6H619GxQkJHkglBnjo2a+Y9akGn+MrK/i+67DJFfS+gXX27R7Wclj+72EH1rlqR1N4PQV7QNGkQyQckEmpLaEiONguNpwwAq75aonC5MfTPWnbcNz0x196x5Fe5pzO1hFG0uMjB6VJ3JyeRimrnK56qORTh0HU96tEkMpHmCnL1pXUMc4oQc0+oEo6UUCiqJCkpaSgBRTqaKdQBlX1yltOVfjcMiqy3sT9GFW9YsvtUSOPvKcfhWGdMkXoTQTY2BIhHWnZB71h/ZrqP7rml828T3pgbf40tYf225U8pU8Wptn51IoA1cUbR6VWivon4zU4nQ9xSARokbqKqTWUb9qttPGO4qE3EZP3qYGTLph3ZQmmiznQZDGtlXQ96fgYpNCRhbblOdxoW8uEPPNbhjUjpUJtEY520xlNNSIGGU1Kupp7/lU/2OP0FAs4s9BRqI4tl+c0oWpGHzGlC1gajQtPC04LT1WgAVKnROaRVqxGtUImhT2rQhXgVWiWrsYqkImUVKtRrUq1QiG+s1vbN4j97GVPoa4+OV4pvK6bTgk13QrmtesPKuPtCDCSdcdjWNaF1dHRRnb3WSQuGjxnPFTROCMHqKzLObopNaGMHIrJPQ0a1LSnDVKGyMVWRjwT+NTKaGTY17aXzYFPccGpqzrGTbKUPRx+taNdMHdGElZi0lLSVRIVnO25yfU1dmbbEx9sVQ70AL1NLQvrUcr4BoEQ32oQWFu80z4CKWx34Ga+TtcuTdPA5OWmkknbPqzGvoTxpc+T4e1KbPK2zgfiMf1r501Mbby1j/uQLVJ6C6kSjlRWrAvHFZkSkyAjnHatW3GBj1FNAy3GM8Z61bRmUBU4qrF1z3q2ill4POeatEsnSMj5t2T1zUys2OnNVo90ZxzzyBVtXCkHPBHNWiCQMrd8dsUwkbuQDioJLlNwS3Tcx/ibpinjG7cwOR3zxRcLDyVhYPk7efw/+tUsbGUbkUfUnoPwpi/vDkfMBwcimYCk+Xlcc46g0AW1SHGW7dxVeUxZ2rIWwe3T+dKYmaPLL8ueeKmjjyvyhV44wOlMRXVtnKB+eCOgNTJeMCMhSB1Ib/8AVStGsJLABs9So5FR7S7Epz6YH+cUhkzSFuAO3NUHZpZSoXLdPrViNWRj95mI+70NTWKsrEsuM8j/AOtRuGw+2tBAN0gG8989KfKoLbVwPoalcoq7ncD0yelVGlVhhKrYRFkB9ozU8cAxvkk6noBzSxQhPnbBwOp/pUby72wmVUdWzSGTrAvqfr1qRbdWHTI/QUyDD7Q5OO2R1q4DuwiDpxxQIh8ryyNoq0532jHABqGSNumTUMu+OLO4EDkjvQM5jxZFstYZsYaNwQa9v+F2pfatEW2Z8naJE9OOD/SvFPEsy3ulSKv3k5rtvhPqpgtYyHywUHB/I/pWNQ0ie47mZFdR1b5qUqfnHAB6GkRtxVlKmFl3BloA+5k5ZeTjvWBqOHVTnoMHFOAwMcnHrTBjHfDHP0p+evFCAQ96BTN+SaVGy2KpCJe1FHaimIKSlpKAFFOptOoAbIu6NhWeVrSrMuZ44J2RiAetAmIUHpTDEvpTDew/3hTDfQ/3hTJHmBD2FMNnGe1J9th/vD86PtkX94fnQBG+nrnI4qE2Tjoxq2LuMnhhTxMh70rDuZE1rMDkEn8aozJOnIyK6fKt6Go3gRuoFFgucylxPGfvH8a0IdScDDCrsmnRuOAKgOl46UO4FqG+R+pq0sinoayP7PdTkUgW4jPGaYG1tzSBOazlup1HMZNSJeyZ5Q0AcwR8xpQKeR81KFrE0EC1Iq0BalVaYhyLVmNajRasxrTQE0a1bQVDGKsKKpCHipBTBTxTESCm3Ful1bvC/RhwfQ04U8UAcVLBJaXTRsMMp5960bd96jNXtctQ0S3S4DIcN7is63IwMVyTjyysdUZcyL2zPNSqvFNi6VKq0C6icqpbONozmteJ96K395QRWPdHZayEf3TVy2d/7NtXP3igNaUnrYiotLl+ikVtyg0tbmRWu2+VV9TmqoFTXLZmx6DFMUUCEPTFU7yZYYizEAD1qzLMEOxRlz+lVZreN1y43t6nt9KAPN/H1/H/AMIvqCs4DyqFjTIBb5hk49B/UV4lq3/IYIH8Maj9K9X+KOiW0du2sedN5/ECw5zHz1YehwB0615RqhLazMT2Vf5U47A9xtvxIprahUMM/hWJbn51Nbtrjbjtj9apEsmAxjHr1qcSYkYgdDVc7lcKBznA9jViONgvPUcEVZI8MWkXnJ9AKmSFirLwPWkSLa2epqYrJtx+OMVSEJHaou7a7e4I600pDkhF5A65p481pNgbaccEDmpIbYNF5hwSGKtzyPenYVxE3RksuCD2I609TFKuHjKsO+KQ/KUAywPHXmnbY2JVd25TtpgPjjdQU3AqRgDPWp0VlXy+mD3NVSnl8BmGDkYPepCkkm1d5aRlz83FAix5LZDZAHbdUL3e0sAm4446YNQSWeSfOLM+MnJ+UVLCqpCFIBz0wOgoAYsjzcOgGfpUmHXGGwD+lMj2q7AnAznFLvDjO4+mAeKBitb75R5koJPvUhihhHdj71FgFSFHQ9elPEZkTlgcfrQA2aQMoXJGPamoFCcDJ7CpkhYtnAb6097cEH5Bu9RQIgSVUPLAGtC2ug2AoGfU1Qe3KL93bgcmo4ZSq8SZY9sUDNwyYBUEM59uBWdNDthkZ8OSM8jgVctgpiyMbj19aS6ASFju7elAI4y8k3Ryo4CuV7cZFbXwyuthEeTlXKYrL1KB2JlQEjGDkU3wLN9m1uaI8YcMPzrF7mh9K+H7jz7RkPSMYz/KtccFWz90YOOlcf4auAup7d+FKnI9a64bduDkq7ZFYPRmi1Q8AAYx0+br0p+epx7031PHXBpxLYOAKBkGdxz60+Mc5qPOecYqeMcU0JklJS0lUAlFFLQIWlpKWgArO1OzS4ZJCORxWjTJRujI/GgGc+2mJioDpYz1rZ4Pem4osSYT6U3Y1A+nSr0zXR4ppUelFgOWa3mj7GmiWeM/eauoaJG6ioHsom7CnYRjRajKpG7mtGDUUcYY4NJLpqHoKqSaa68rQM2o5UccGpK51ftNs3GSB2rQt9SBwHBB96BGmAKTy1J6VHHcxv0IqYOvrQA0xr6UCJc9BTty+tAZc9aAOQZfmNOC1KV+agLWVjQaFqVEpVSpkSmAqLVlFpiLVhFpiHoKmApqipAKoBRTxTRTxQIeKeKYtSCgCjq8Ms+nukIy4+YCsGzbfGCRg9x711jNsG/HTmsKbTpIrqSe3/eQytnao5Q+4rGtFvVG1KS2ZLCatrgiqcMUrnCxsSDzx0rVjSKBMsQ7jrWcItlzkkQrZfaeZOIvT+9/9arEhGCFxgcYHaoZLz5tqnn0FLCGbcSMZrpjFRMJSbLMTfkalqqnMdT78w7/AGqmSUWO6Vj71HNMI4yfQUpO1aqSnzJVTt1P4UhirnZlvvNyaUt8hpCaTquKBHk/xc1G2+yQ6Yrk3WfPdQpwq9Bz05P8q8j1QEatNnuin9K7r4j+Iodd1mSC2WQR6fG0JL4w7+YMkY7cCuJ1fnUw396FD+lX0EQW/LrW5asNprDtzhxWxAflHvQhM0D83kn/AG81bEeXkwOp6VFbRq0qM2SsY3Y9TVuIcs7c56VqkQxuXjGOGCjIpDdhMADNNaQeY2w5Uk5HqamiwV6JvzySKBERmmmU7UIGMdKma2FvGqsHcBOcHHNSjz8gs3A9+KVGZCyngH8qdgFghYQoZsKrdBTYE2FzgkM3HtUsUvyeQxAYnB3d6eyiJQFzgDqB3p2EyJ4y+R0wOuetMEkkT5aQ7weu2rCMxGc4PuKjnAkwPLBkH8XpQCD57xgJJCq+mMZpMwxEfN8vbJ4pFkMW6J1LOegHTFBZM7pEAz05oAiJLlwOh4xVuKIeSDv/AAAqhLMGZmBbHQ89an847VHBOOi0k9RlxFCDJbg+1LkSkZYKg6CqBaXGdmB70qiRz1I/CncVjQ8xUH3wfxo+1xBAWKgj1NUNkhBwTt7nGKVY4Fi8yRs+g60XAddXf2hQsZyvt3pLOBSfMY8A/nTrZElDSSZCZwFzwauiSMJhQox0oAuwYV1K85qLWQqW25See1RW8vlyAltwJ7Cl1h28r5GAB6kdaGNHNx3CbjFMjZJ4GOtZem7rTxcyR43OvQHoa0JYJjgxKzH/AGRmsho5LbxHaNKpUsMEdKyZoe76PM1vqVpMOVcjPPrxXoijClcZ8v1PNeV6NdodItbpzgQ/ePptr1C3mNxbRzr/AB4PA6g96xnuXHYsfNk/TOfWlbcFJBPSkw2W/wB7jmmzgiFijcj3qSiFMsw/WraiqtqMruq2KpCYUlLSUxBS0UUALS02loAWkpaSgDnriK7iuJAjZXccVX829U8gGt64wJOe4qDapPamSZP2y5XrHSf2o6/ejatUxKewqJ7aNuqigDOOrr3Vvyph1gZ4Bq4+nxN2qq+kKelAiaLUonHJx9asLcRN3FZMmlOvQ1WNrcxn5c8UDOhKRuO1M+xxn+EVipd3URwwJHvV+DVFPD5FArFv7EgPHH0prWrg/K5qeO5jcZDCle5jTqRQMqG2m/56Gmi3n3f6w1N/aMJbG4VIl1Gx6igDFK/NShalKfNTglQUMValVaVUqVVoAVVqdRTVWpVFMByinikAp4FMQCnCgU4UAKKeKaKcKAFIypHrWYxKuVyVcHt3rUqlfw5AlA9jQMZFJJICpYkj1NSokhO1l696zRKUbJ/OtOC5hZRktu9CaEDHAFPkSMfU1bAAjAIHTpUJuB6CkM46miwrjVBRmU+vFJ5oWKSMnnOR+NJ52+TAUn1NVrltsqn1qhDZDVZOSz+pwPpUkjfITTMbVA9BUFdAxzWf4i1WLQfDl7qUzYEUfy+7HhR+ZFaiqMbm4ArzP4urqN5ZafFCMaWkpkucf3l+6D7Yz+NUtyWeNNIXkuyx3MwDE/VqbqIzc2zesApiuHe9I67V/nUt6PksH9Y2X9aoCnGdp/Gtq0BYADpWKoPmH61sWjbF45oQmbMTYjY7cZ4FK8rHEYPJ9D0qKANIR1rRhhjhHKkueMmtUQyOKMogCjBNPQbxnpnjpVp9gAIPAHUdqa9vKF8yI/L1INOwrlfa6sdjMCPXtSi4bBDJ7Eg0CRtwJfJHUY604kTuSBgKOQRz9aAJVgEvfAxgetOikKjyp85U8HsRUUUjFPLL4x3BqSRw65B+71PrTEWQyg8fxdM0x2AYHIOOuKqpLb7gCwJ67ewqczIy7NgGeppgQErPdNIWIVBxz1NRXMykZ3E+lWJHXPysAMYNVBBFIzSu67QflX1qWMjhTftLDGORmr6RANg55HXNV/MXgebjHJJWiW+jQbVkTPUse1CsBbwkZUkU9rxAvyrzWX9qgDFpJixGMn0zUi39msvzOxA44WnzBYtbpZsl12xj171VlO+YIgJ7Z9KbNqiOCsfyR7sHg5ptve28JJwzEtt79aTaCxc2MAqk4UdBmrMITPIPHpVF9Xt9ozxzjBz1H4UxdYs9mDMgyM5w3H6UXQWZvwhS2Bjdiq89tcyyhF3OhPPtVK11/TbdyWm3Fh2RjWxa+J9LLpGspJbgHy26+/FDaBJmlbafFbQL+7TdjHSuK8fIIdd0llxyOcDvmu9e7gigMhYNkZGK4TxiDdvpd6Qf9f5f9aT2KW51vhvzLzwteQAYdt6KDxyRXpHgS9n1DwXp0s5IuI4fIfcf40JQ/wAq8u8H3DCydSRiSZj9FHFep+FkiitrqGMgB5xOB2ywG79RmsJrS5pF6nSheeoxj9ar6h/x7fKwByPxqwMZY5GCciq90kck0GW5Rt231rN7FrcmhTZEq+gqakA4prNirRI/rSY5qEZL8Gpc0AOpM03NLmgBc0uabS0AOFBpBS0AZusRymGN4j8ytz9KxxLeIema6eZQ0RzVIxp7UCZj/brhfvR006qw6xmtcwxnsKiexibsKNRGemrIfvAirkV5FJ0YVFJpUZ6Cq50krypIpgagdT3FJsVuwrKNrdR/dkNKtxdRH51yKAL72sb9VqE6ZGegpq6jz86kVZiu45DwRQIrf2btPykioJdNdj94n61sB1PejiiwzAOlv60Lp0ob7xrfwKABn8KLAZRTmlCVMV5pQtTYojCVKq0oWpFWmAgWpAKUCnAUCACnAUuKXFACYpwoxS0wAU8UlOFIBaRlDoVPQjFLS0AYcseyRkPaocPEdy9PStPUYeko+hqkjDo3SgZPDMs6YzhqnVHHylgwqoLYE7o3ANSl5Yl/fbSnqDTQiySqrgnj0FU7j52GKiN6pzsDN9BT0E5PmSIETHQnmmmKw0LlghI9eaczRpyfmPv0qKRvmdwrNtXIC9TTkaNwCiKfc1LQ0yvc3igZZwBXnnxQ1pIfDK2UUoMl1IMqD1ReT+uK9P2q4IcAr6EcGuK8aeC9J1lY7qUvA9sC2I8bXxzgg003cTseA2doRFdODkbDz69DTpn8zT7M8/I7L7dK2L+3j0qzjhzuLN8x9v8AJrGXP2QQkcpNn9DVAUwcO3rmtC0cEDJwazvKJl6855rTitlXLqyv7qelCBm/ZyxoAWB/Krv9p2v8Z7Z6jp+dclLHyGBPHqajSSXoGIHtVKdiOU6p9VtVXtx1+YdDUbazGqbFDYBxlQf8K5vfI/8AGfzqUW8rfxE/jT52HKjYOrpztibk4OUNQ/2s6ncsZBzgkkDj86zvsTevalWzznNLmY7IvHVn2fdAyecyD+gqIatIpyCgJ4bBY1WNrjipEsweSaXMwshV1EkrygA64j6/maUalIFGZHP0VRQ1qqYwozR5IYdKLsNBv9pOqr80rEAjl8A/lSLfFhghicbclz0p32VcFj0FKsKK2MUrsegfaMEERRn5dpBBOR+dH2qU/wAEY/4DVpbddoIHWnm1XkEDNMWhVa9uSOXUcY4UVWa/um+XzmwBirslsMHFRrZqOoodwK4uLtgR5z4PUZp4SRhku59smtCO3XGMYp3lAHGKLMLozlt2brmp004ucEdK2rPTHmHCnFdNYaPbwx+bcAZXrmmoticjk7PQ3YrmPA9SK2blbDRrFmQhrtlwp7Kam1bxJb2yNDaKCcYyK4S+v7m4lJkOVPtVaREk2bGmXUosY0ZmIDtg57Vp61JHNocciqWNtOkjL3I5FYds0p0lDFwQ5GSKhAvo8lmcoRjIbA/OpT0Ka1O+0c2OnaVHPdXMNuXUNh229ee/vXa+DfEdhcag9vFdxSLKmwFDn5uo/rXlMN1u0+1lWO0VwCjybPObI6YLdK3vDWvXLalHD58wVGGNuxVBHsBSavEa3PelIAAOSQMGqU8kTaigGfNC8j2q5E4kRZAPvqG61lfaY59YnRYirQKFZz3J9K53sbI0vtA24IOabuLHiosZPFWUQIPerRIqjaPelopwFMQlLinYpcUANxS0uKXFADcUtLkCigBrDchHqKyTDMOj1sViXt+ba6kiKMcHIIFAmBScfxUnmTKeRmq/9rp3Vh+FB1WHv/KmItfayByppDeqOufyqq2pW5HX9Kia+t27/pQIsPqUQ6mo/wC0Ld+4qqzW0ndaQWsJPykUAXBNbyHHFBihJypx9KgFnxxUb20q9M0hl4RNj5ZDS4uF6HNZySTxev41aivyMbwaYFgyXH92mYuiewqeO6R6sKyHuKBFcrzTgtSFeaAtIoaFpwWnAU4CgBAKcBS4pwFMBMUuKXFLQAmKWjFLQAUoopaQCilpBTqBjJEEkbIe4rDkjZX28Z9636x7xg1xIoAGDx70AVfLmQ5HP0p0dl57b5d59mbilWUqcE59jVqO5Vh/SnoIhW1dJPlGB6AVbkGISOrY60wsTzu2jv8A/qqIucHgj0Lj+lCVgZDF975iV98feqOVFE5ZRjPNWoxnIY5x3Peq90vGV7UCHMx2A56isjWudPnHrGw/StBCTEc1zfi+dhpM0Ma73dCoXdt6+/pQgPGPEMkU1zCiB3CDLFVyM1lS4E0i/MEQLIcjGTg/41r6/bNDfBWkZiIxznA6dAOwrC1BlE0jJnBhUZJ9xVAVoXHnLu6Mdp/Gi3uHtpyM/dOGB71XJJXjrT7n/XiQfxqGpAbYVLiPepxntUYtD/ezmqNrORwT2q+ZwFHzDPpTEAt9p+lW4xsxj8arpNk9z+FSmcbcqoznuwoEW1UZIPpQVAqD7VubjaM+5NMa5A6uvHrTAsMo7CmqDyefwqBbyIKS00Y9sj/GkGowL/y3Tkc4xQGpa2FlyOeetRsPnIxz7VA2qQngSN+Gf6Cqxvk6BZG+oP8A9agLM0GBEX0NVmO081Xa9JUhYG69wP8AGojcTH/lmo+rf/WpDszZs5RI2M/pWiY0wTlue+w/4Vy6XN0v3Si/QmpPtN6ePOGP90/400xNG4AgJIDHn+6aQqD/AANgnvgVh77nvN/44KaXlzzcH8Nop3Cx0abI4ySqHjvKKdbSxtcZby/u9CWbP5Cub8x+hupMf9dP8KTCnrMx/wC2jUXDlPQ7e/2nYkm30C2rsf6UzUZbuaPasty24YO222/+zV5/5MR6gH6kmni1iP8AyxQ/8BNPnFym2+i3sh3C3umBG7/Vf/XqhdaRfqSfs85A/wBj/wCvVM2kfaFP1FegaD8KIta8PRakt+Elnh8xIlQYjP8AtEnpx2qJSS3LSZzOlR3K2bwXEMqwPIpDPGQAR6Guh1iC0GhvDaAH5eTisS50s6IiWMki/a45m80xudpGOD1wR3pyXE4hZWyVdSo/KrjoiXuVtMj3aO8KgBgxIHetzQLa4t5FneIRIBktIQFA9cmucs9QMVwog08S/wB5pGYrn6DAp16sl9cC4vJZJiTxGpwB7fT6UkPU9iPxe0uxtYbVAJJY1CNIclcj0x1/Ot3w94kTXZpJQTuZQ2DEU/nXkGg2EMUiSW9rH5o6EjJH4mvT/B8s39oBLg7iwODUyguUcZaneQJ3PWpwtVwxDZFTK7HtWZZIFpcUzJp2+mIdiik3A0tIAzTcmncUnFMBMHNOpaKAErN1IQoyvKB8wxk1p4rO1i1FzZcjlG3ChCZkM9ozYBX86abe3foRVQ2AzxUbWsin5WP50yS9/ZsbDIIqF9K9KiSW6i75HvUp1Ccf8sz+dLQZXk0t+xNRC2uIm4Jq2NUcN88ZqxFqEMhwwA+tMCrFdzRHDg1oQ30UnDDB96cRbyDPFItnC3PFABLPb+1VHngFXDZRe1RSWCHpigRWFzCTwcVZhlBOBJUDaX3FMGnSq2QxpDN8jmgCpCOaAKYxoFOxS4pcUAJilxSgUuKAExRinYoxQAmKKdijFACUooxS0gClopaBiVht88jMe5J/WttziNj6A1hynbbHHXFADCqgOcbiOgp8ah5WjBIZl3Lzjg01Pn3c0yXMbQzL/DwfpQBKqS20g249zj731q4kocZ4puQ65HIIqHDRtxyKYitqxZXhmiO10OCP7wPakWUSxhh37VZnAkjORnIqh5ezlDQAu7AIJwFrgfEur2raj5H2qHI4I8wcV0Hia5ZdPlhQAtIuME4FfPuqQmLWp4iV3BueOKdroS3NnxfdILnfGwYFRypyK5bzftTFQf4f611tvDfPZII5rcqf4DHxWBq6yRXIfyY4iRhvL6Gqa0EmUVUBc+nSmSsZIY3OAFG2pePKxVZUGxhnnIOfQVIwVwOepqcXTkYHH4/4VCGhXryfpmpBdKOFjY/jgfpQMmUztzuP4L/jUgUn70je/wA4H8qr/aGPSKMf7xJqRTO3RgP91aYiXy4u5B+rE05Y4euwH/gFRbH/AI5X/PFSJbrIeZPzkxQA8bB0jP8A3yKXePTH4ilNjEP4oiMZ+/mnpZRNgARnIzwpP9KAIjIuOo/76FNMi55Kj/gVX10otnZbyNgZ+W3Y8flUq6NcH7tpcdccQY/nTsxXRkeanYr+eaPNYngH8ErWl0qaF2R4mUg45dB/Wo1s/m+ZoU5/jnA/lSswujODyf3HP1fFIfNP8CD6sTWs9miKDvtzj720u39KWKyEjKCGznBCQk/zp2YXMnZJj/lkP+A04RyHpIB9EFdSNKgPJtrlm2bThEUZ9etWY9JtIk/eWcoJ4y10iAe/ANPlYuZHHiKY8CV/wUU8W9yf+Ws35gV1E1vYW7lzBEQWBAa6Zhj8BVeS8sEP7u2sFw2Ri3ZyB/wI80co7mALSc/8t359ZQKethK/H2knPbzxW9HrgXg3G0L0Edoi49MGpF8RyQrmO7umB7Rqi/0oshXZzbacy8mf/wAiV33wj8QXUfjqx0W58iW3khkiRip3gBSQPQjj0rm216eUn99eH0LT9P0qhb65NpGsQ3lkkgvVk3JMZCSOx+uQcVMopopNo2rvTZbbWdTaaYHbcO64B5GTwOKjWUS7VHGTnk1dufEt3rWnXM92siMSC+07Ys9OE7VktIVBOMcZ6VSJKT+a97hpGbacYJq8sbymNA2MnsKgl2/ai4H3hkYq9pMRnuUZjiNT+dHUZ2ml2y2tgrc7mHb0rrfD8gjvrY4CksM4965WWYJartQ7QMA9M1s6WXZoZB8oGKqS0IT1PUvlzjrUiiqVo7GMNKQuemT1q2JV7GsDYeAc07YaYJcc1IJAaADbTsUZFFABikpcUlAC9qbnFLQaAF3VDdsBaSZ9KfVbUGxan3IFAMyO9IQKCeaaTVEAVFNKL6U7NGaAIjAh7CozaIT0qzSUgKhtSPusRSqLhBgP+dWqUUAVC90P4v0ppublRzzV3ApCgPUUWC42HUfk+cYNTLqKZqHyl9KVYk3dKAN0jmgCnEc0UihMUYp2KKAEpcUuKMUDExS4paKAEopaWgBKKWigAopaKAIbg4t5D7VjzD9yRWvd/wDHuR6kVlSfMpx0zQBBA2HKnuKkYBoselV2+SXNTocgihAxbaTA8s9ulWeCKz2yjhhUwlOKEJkshGMVQBJkdf4V7mrTNmsfU7lrYNg4VlP50xHM+IrwTakkSHKqcGvGNfOdfnf/AGiK9aWJppZbhu2TXkOuHOszezn+dNDZ0OmTRrbKCSWPvWX4jjDRCQd2qfTMeQCTVXXZS9uBuJAYd81p0ItqY6g7Kr8NIF5OeDV5FzCD3qg/yyE+hrMobtGccfhTgB702TIkIHenKM0DHheOv61btIQxAO3rn5iaqr1qxCSrcdaEI0Vs0wOIxjvsq7Z26ZX59u0YG1BVSIkrg5q/bHkc9KtEs27OwimVgbmdSFx1H+FPt9IiLf66cMBx+8x/Kn2Pyru7mri7fMBUjk5z/n/PNapKxndjYbS1DASCTd0Yec3H61Yk0/S4kL/Z42x0DMTjH40FPOzkENTYraNZtkhyo5JY8AUWArWulW0zs628QiPXCDk1O2nxxgrBGinpnaK1fNj2Ex4VUHGKh3eaW2fhmmkBg3lu6MNzZB4/GsmaBkY4c+3POK6K6DANn5n7+1ZrxgId3Oe2KloaZlieVONzHHSn/aN5w7E57GnMy8jHPpVWRMjuKkomlt1ZMgZFZ81oV7fjUovGhbG7IHvTnvFcUnYepmOAvB60xGQN1q3OFcZFU/IyeWxUjNGExHC9PemT2v79HABIqkknlthsnHpUxvD5iN1WgDV0hy2n3kJIBGSGIzigQNIQS4JYevWptC8uSW8GSA3IwParVgI3+YqR/d3DkCmkJmbLGfNAJwNnOK2/DtqJbhfnAAH3ax9QdlkQocqQQSK6bwnhIzIyEg8BsU1uD2Ni/JVkGBnsAMZrVsJNm3I4rDvZPNu920hVPFbWnsGxxxt71b2IW53GmsblY8MeVrWETRdeRWP4cX9ySDkBiBXTbQ6DiuY3KynjrTsmgxYPFG00APDmpUfPBqNUJp4TmgCToaM0dRRigBeKO1JjjFNXdnmgBao6of3CD1ar9ZuqH/VL9TTQnsZhopaKZImKQinUGgBtFGKXFADRUi0zvTxQA7FJRmkzQAUD71FA+9QBuHrRTj1pKksKKWigAopaWgBKKWigBKWiigAooooAKKKWgCte/wDHsfY1l9VIrWuxm1f86yFOGxQBBcKchh0pYmzg+tTsMiq+Np+hpdQHyrkVEjcYNWCdy1WbhqYh5asXXonmtFEeN24DmtUnmqOp5NoxBwRyD6UwMN7UW+myj+LYcmvBtVOdUnJ/vn+de73TzNbOGYbcc4rwXUWDalOR/wA9D/OqWwnubWlQl7XeeF6VHr0Kpp6sAB84q5ogB08ZbHtmqniAAWeAcjeMVdvdI6mSoItwazpxgE8dTWng/ZV9Kz5uVI/2v6VBZG+NqN6ihT3oxm2U+hpvoKQydasxYJqqD6VPE21hQI04ztHJqZZDuBXj0zVRZV6flViN1z61SJN7T5iXUNkj69a057uGCaPBxtGcD1rm47gcYY5HSrMcqEkk7mPrWiloS0asmpzY2wrt46jmkhu5CD5j7iaotOWBw59/ekViCDnjPGB0p3FY3BJIq7EJC+nrSG6eDknHqTWU9+EJw5/OoTdGT5mGfrTuKxuyX8ckYHG7sAapyzKVIDjnr3xWS1wyjC/L9Kj+2MF4YCk5DsOusqcg5PY4rPknkHG7NXDclwQcE1SmdGOB1z+FQy0QyfvB1APpUIBRsE8VN8ucEU2aI4yueKQyQHjnpTZkyu4c0xNxHJ46U4ZU8HikBUfdnnH4CoZGKocVflTcuapyIdh4pAbPhyWVLKd1Y7UkBYZ9a1rRH3MmSuG+UmsvwsYk0/VY55Fj8yIGLccZYHoK29FRbg7iAec8iriKRi35YKuSMh2HFd34Yj8rSVfA+YZ5rhbs75ZFxz5xH0r0WzQ22mQxD+7k4+lOO4nsVp5g0oIBOG5OK17KRVQYwSR0NZe35wW9eOKsxSYukGcj2q2Tc7TQdTjs2EcvypI3B9DXcRkFQRyDXk18xSzDKQMHOSa7fwbq51PSTHKf9IgO0+69jXNL4rGy2udEw4pqDmkdvug8ZOKfgh6QxHHPFPXJXmjBPSnY4oABTWcClPBqMpzQA3ec5qZTmoCpBpycGgCY1lamf36D0WtUHIrH1Dm6PsBTQmUjQKcRRimSGKQ06kNADKKMUUCE708U0CnigYlJTqTFACUq9aMUD71AG+etJTj1pKksKKWigAoopaAEopaKAEopaKACiiigAooooAZMheF1HUjisNwVPPUVv1n6hB/y0UcHrQBQ3ZFRP1p+MjimOMDNIB0ZyMVHKOaQNsbNOkZWXOaYMqyNiq12PMtZF9VNSSNlqYxBUii4WOTLu0e1j25rw/UP+Qjcf9dG/nXussYWVlPTJFeGakuNTuh6St/OnHYT3N3QoWntioPQ1H4hg8mzU785cU/w4+yKXLEY7Adah8RMzWyk5wXH41qvhM/tFOOItYhj0rKl4DD3FbEGTp3XgVkT8Fxz1HSo6Fkaf8e7expgp6f6lx70i9KQxVqcdAajUc1OimgQ7nHtUiOw4zj0pVT14pCzDv8ASmBOsrDkHJ9qnS4BHJOapCQYwRQGGc5p3EX/ALSy9Dn3pr6i8Q+U5Y9KpvIEGc49qiUj756nvmi4WNCFpHffI5J7Vb+2pGm0ck1jNcHAVeaVJB360XBoutcsWLNSGdX4/rVUypg8GoJDnocUXAvGQhhtOfxpXkMi53fN61lhm/vEEe9SrM4wN3HpRcLEhmbdjnirMczMuDVcSI3XBb3FHmcfe5PoKALJfaOaR5AoHB5qsWbrmnoisB5rHcelAFiFy3GOO1V5UY5ABPatSC3TYpQEgjitCK1SSPBTa3r60WAxbTTGECzSsx+b7hNdDo0/klgRwMkelWvsv2uxjSJEEgzWUS1vcPbtkMSc4+lUlZkt3RBbhbq6UdzKCQPrXoszeXGi99vA9q4XSliW/jiRcPuDEnrXTzX4ubtlU4XGPwqoikWhIu36nv3pIiTdpgnOc/WqzE71C9BViyw19GD3qiTR8RyLH4YvJWDFY03EDrwRXReCJ/JZbsI2x1Cle+0jOTXK+J50j0S+hzw8JXH1rY8L3aRWFi7uTI0aowx6dKxktTWL0PVFAkAYjvkZqcVHGuYl+lPHFZljs06mU+kAhGaQCnUzndimAjDJphBqbFJ8tAEYOBzWZJPDNOxDA8461eujvjMaNjPU1lf2Ug5UkfSmJkvlITwaU24qJbOVDlXNP2XA9DQTYDBiozCaSUXR6ECq++8jPKhqAsT+S1HkNTFu5e8RqZbv+8hH4UXCwzyyO1JjFWhPEw7UmYmPBoAq0GrfkqelH2cUAU8UqjmrP2egW/NAGqev4UUp6/hSUiwoopaACiiigAooooAKKWigBKWiigAooooAKa6CRCjdDTqKAMGRDDMyN2NMfla09Rg3IJl6r976Vm4+WkBUfpUDE+tWZBwarNQxkBzmkP3aecVE/Q0gMLUFCTFj0614VqvGr3g9Jm/nXuOtPtGO5H9a8P1Yh9YvWHQzNj860jsQ9zT8OSBUnUruzj8KZ4iLfZo8jgvmk8NkG6kjP8QzUvikYigxjG89K0Xwk/aKdpl7IjFZV0MSN+tbmnBfsTFvwrFvOZWqXsPqV1PyNTY+R+NOQZ3CkAw1SMlTg5q9GA/QVSQYYVoW+NvJpgwdQo6k1ATU0rEHGeKrszDkE4oBC7ckHNPG1Vy3GKZvVRmq8sxkO0HigAkfzH/2RR2700DikLUgHq2Oafv96h3UZB6UASFvQ00vxTSabnNAWFzTlzmmU9RQBN5hC0JIN+TUZYdKZuIPFMDTRA44fkDvVaaRt6gHhRVbexXg9+ae370A5wwGMUAasV26Ku18Ke1aEOoIGznJ7HpWGkDkDDfhmpPszbtwOSOo9adxHZ2Uw3wy5yA4BH1rP1iBv7blCkZIOMH+dY4vpIEG1ihHYnrW5c3S3FlDfgLnyyGCjHPvVXuK1ippkYivkO7azMF5Pc1o3Mr2k2DwSea5+xu2N0HkJ2ocge/atvVFKy5P3uhz60J6ClubtjPHPtJPQc+9aenbJtTwxACD1rB8PIJPM3HAUce9dDptuFEkkgBB6ccVfQnqYvjd2SyRIzlppSo/KtLw1dmWO2iLZaLap9j3pYo4b3x14bs5VVoxdFyp5BwM/wBK6bxTodvo3iG3v7KIRRXhJkRRhQ47ge9ZSepa2PTbUk26H2qeqemyb7KI+qirlZmgop1NHWnUgCq8zFeQCT6CpzUDttI65pgU2luJO5RaglaUfdLO3ueKvOdx5wKTA9KBNmZ9ouV6oDT1vJB9+M/hV4hfQUmxT2FMRV+3jPKt+VSG8j25JqXyUP8ACKQ26EcgUAMF1Gw6ijzY29Ka1nGR0qI2KY4JH40ATgxe1BER9Kriyx0c/nQ1m3Z2/OgRKbeJvSozZqOVbFRm3nXo5pDHddm/SgCVY5EP3s0/Mg7VWH2oHsaQvcg9BQMs75B2NITMT8oqsLmcHmOrUV1n7wx9aANY9fwooPX8KKRQUUUtACUtFFABRRRQAUUUUAFFFFABRRRQAUUUUABAIIIyD1rFnhMEzIenVfpW1UNzbrcR7ScMPut6UAYEwwpqixrYk0m6fjzI8fWoTod12MR/4FUsaMlqhatg6FeE/wDLL/vqpY/DjHma4A9kXP8AOlZjPPvERCKPUgAfnXh96c31w3XMhNe9/ECzh0+WNEyVEW8Mx5714HL89xKxHVia2Wxn1Leisy34wcEjFWPEmf8AR8nPJ7VS01zDfI3PB7Vc8QyGRYDtwA3WqWwnuJYk/ZttZd6uJSPatWwOIelVNQUGboBnj9KXQOplx8O30pP46WMfO3+7TUX56kotoBgMaRpTu4NRtJxioi1AiyZSR1phmIFV9/pTS2TzzRcdh7ylqYDSHmk6UhkgPFGaZmjNAh+aA3NMzRQA/dmlzUeaXNAyTIoLVHmjNAh+aWo80uaAsPzT1YDr1qHJozTCxdF1s56k0+COW9mVRudmOFVec/QVQDV0XgvxOnhTxHDqcloLqJVKsmcMAf4lz3FJsaWupoJ4A8T3aLJFo90ykcZXH861ofh34zTTGiOkSFd25V8xc/zr1rRPin4e11xHZzBZ8ZMM6lX/AMD+FdQusQTofLiyMdazc33NlSur2Pn+w+H/AIi/tawWbSZo7dJRJO7EY45x1p3iDSNXtLyUzabcrGWJD+WSDz6ivejPFgHNSx3CYxuBHoalV5IqWHT1R87aKHe48skoe4Ndw1qYtNyJmAA7V6bJp+mXR3S2Vu7f3tgz+dM/sbS24NomB2rVV0YOg7ngtvrItfHui3BcbYLlFY+zHaf517F4ygmksYZDysU4yfY8Vsp4f0QNvXSrPdwdxhUn86vT2sN1AYZ0EkZ6qan2l3cfs7KxStdSs9OsI3vbqKBNoAMjAZ4pIvGOiXB229y0zHoscbEn9KfdaDpl8I/tVnHMIvuB+QtWrfT7W1QLBbxRAf3EAqHOXQtRjbUmhvzMu5baRR234BqdLkEfvFMZ9zx+dRBQKcwUqQRkEcg0KT6iaXQsnpVS4dwMRqCx7ntUFjOyTy2Tg4Qbo29VPb8KdcXMcL7XYA471pF3RElYqGO5zkv+lB+0+1TfbYT0cfnSG8hx94fnVEEBF16ijfcr2BqX7fB/eH50n26D+8PzoABNMBylNa5mH8FTJcxP0Ip5KH0oAz2vZ16xGojqMw6wmtNlQ+lN8qM9hQBnDUpP+eTU7+027xtV/wAiM9hSG2j9BQBSOqDurflTl1SM9Tj6ipntIj6VE1lEemKAJkvoX4DCiS7hXqRVf+zUNB0xPSgBsmpQDpg/SqrXzO2Ei/OrY01B2qVLBQelAG4ev4UlKev4UUigooooAKKKKACiiigAopaSgBaSlooASiiloAKKKKACiiigBKKWigBKKWkoA80+K6YgicdTER+tfPbJuuHA9e9fSfxUtt/hz7QBymVz6ZxXzrHbNLHLKoP3yMir6EdSOPZFIDnkUapIZYYj6NUJicP9KfcoTZjnncKYFizlIhwKgviWGf1ptpIQcHoKW73OpOMego6AZqcZI9MUmdg9zUbSkFlAAyeppMr3bNSUKWNITTSxP3ePfFIEb1/SkMXJNKKNjeo/MUvkk/xZ+maLAJ9SBSjb60ots+v/AHzTxZvnhW/IUWC4zaOxpMD1FSiykPY/nS/YG/yaLMLoiwP7wpMe4qx/ZxPb+dA0xj0Aoswuivj3FGB6j86uLpTckgAd6F0sluB+lFmK6KnHqPzpOP7w/OtH+x26k4/CpRowCg7s8c5o5WF0ZOV/vCjK+v6VsppKNwFz+NXI9Bt+N5GTT5WHMjmdyjvR5i+tdYfD1oRhW+bvgU6Hw/b+aqzKu09D/jT5GLnRyPmIO9J56ehrrLzRLSL5QFz6g8VSbRYcfJyaXKxqRhw3LxyrJEzI6nKspwQfrXXWfxH8R6XGkf2wXaeko/TIrEOkSBvlTiq9xYmBy8nAA4HqalwT3Rcaso/Cz0G3+Ld66qs9kqnuUk6fpWzbfEu2icCWQ9MnHavHHO0DnrUXmAMd3OazdGBssTUR9M6J43s9SRWjc4PGTXWQX6SKCGBz6V4t8MLCK40NZ1bL+cysPWvYLHS40RXQkfjXM002kdXuuKkzWjkzyDU4Y+tQRxhRxSlqpGErXLHmGl8yqofHU0GXiquTylkygd6Z5pb6VUaUDvUbXQXpRzByk3m/8TeBVOMIc+9JqVk1xdls8YArOtJTLqwY+uBXQvyxraGxhPcw/wCy29aT+y29a2sUYFXYzMX+ymx1pp0tx0NbnFNJA70WC5hiznj5UkUEXijhzW1lT6UYQ+lFguYJmvVPXP4UfbbwfwCtwxIewpPIT+6KYGQl5dnrHTvtF2e1a4hQdhS+SnpQBhPLdUwXVwh5rfMCelRtaRt2FAGUupuvVTViPVEJwTj61YbToz2FRNpUZoAsx3Mb9GFTqyk8Gsw6ZtPykipI7eeNuHP40Abx/pRQaKRQUUUUAFLRSUALRRRQAlFLRQAUUUUAFFFFABRRRQAUUUUAFFFFABSUtJQBk+JdL/tnw/d2Q++6HZ9a+WRcPpgurSZSH8wgr7ivryvnLxfYWnjDxlrL+G3iW5spCJbdiAZ9uA0kZ6HnII+h71SZLRx1tbT3jfLGST7VJq+nyWFlGJeGkcYFUXGsWxYNNPEQxBHIwRWfLqd1cyLHNPJJ5Z3fMc000KzLse2E5fr2FQXE5Zye1VjcEnk0xnyc0XHYVlViTjn1oEBY8CpIvKXmQ59AKl+0qjZSIDH940gH2+kzTsAqZzVl9H8lirjBHWo4dcuYeEKr+FD6nLMxaRySeuarQNST7AqnAFOa1RB0qD7c3bv1NRtcO3VzRoLUmCKD0pwKVT80/wB6mNKfXFIdjQZ06nBpvnKO1Zplx3NIZc96LhY0fPQHk1IlxGP/ANVZPmgUvmsRxgD60rhY1Xu1PXt2pv25UHAyay97HuKMOx7n6A0cw+U0TqTk9MimHUG9OPrVMRS9lb8qcLWRuxH1o5g5ScX7+tL/AGhKOjYpi6c7dwPxrV0TwtLrV6bZbuC3IGd0p6/Qd6lzSKULszDqdz/z1b6Vds7bXtQIFpaXk+e6xnH516x4T8B6ToBe4uLmC7uyflkeLIQegB/nXRzazHaTtATGVHQqMZrKVZrY6aeFUlqeH3HhnxRCokm0m+57qm7+VZk41OxP7+0uosf34mFfQ1prqGXbuFajajBMoWQK6nswzULEMqWFSZ8uHXLkcBiPrUUs93qTDJHHqQK+oh4f8OXkq3Euk2LyD+IwrWnHpekooCafaBR2EK/4Vft2zP2CXU+Q2tfm2tcoT6KCa2NL8GaxrMgSx067lJ/5aOnloPxNfVH9naUMEWNqGByCIlyP0qXdEh4A4pOq+gKiup5/8NPA154c0y4TVIws8su7ar7gABx+NelKqxqFXoKrLcKWx1qSSdUXJIFZX6m2trExPFQu4Heqkl3kcHiqz3Ixkt+dS2JRLjzDOBUb3KxjLtj0FZMuqKCVhG89N3YVVNyqnzJn3N2FK5VjUkuWOWJwtQpK8gJ/IVWjMl24LKVTsMVs21rH5O5OcetaQg2ZTmloV9PTF9GG+tbMuoRo5AyfpUNpZYPmOMH0q2LeMfwiumKscsndlFtTbPyxOfwqNtSmP3YT+JrT8mP0FL5Uf90VRJjNeXrfdjxULSX7Hrj8K6Dyk9BR5aegoA5zzL1epP5U5b26XqP0rfMKH+EUxrSNh90UgMuPVmX76mrcOpwycFsH3pz6dE3aoG0tM8UwNFZkYcEU7cvrWWLB0+67D8aeLedekhoA0sj1oqgEuB/FmjNyPSgC/ScetZpe77AVGz3p6YoA1Sy+tM81AetYzR3rnlyPoKRbG4Y/NIx/GgDrT1pKU0lIoKKWigAooooAKKKKACiiigAooooAKKKKACiiigAooooAKKKKACkpaSgDl/iH4hfwz4H1HUIW23TKILc+kj8A/hyfwr5X0hr5NbsTps0kV80yRwyIeQzEL+Oc85617L8f9YHlaRoaNyWa7lHsPlT+bflXnXw3sZrzxzZSxRhzZhrnnorAYU/99EH8KeyDqet+LfC0GrG8isiC8G1GkJwzPj5v5V5BqXgu9it1ktraaFhuFysiEkkHgrjkrjH419DRQrb23k4yduXPdmPU1zet6aL+2khV2R8ZSRSQUbseKSYj52ksBG2Pt0We4KMP6VEbWQH5Z4X/ABrtdVs76xuWj1ODzOfllZMhv+Bd6zwtsOkSL7gUXHY5oW7/AMTbvZFz+tOMAI4nYezRGt+R9p4HHsKhMw/un8qV2Oxi/Z/+npB9UYU5bcd7uL8FatgSQE/OjflViNbNv4VH4U7sLGCYo1x/pW7/AHYzSbAThTK30SumEFufuhDTxar/AHlA9FFF2FjmPs0x+7G/48UosZz1Wun+zLnk0phjHfNK7DQ5xdNkI5bH0FSLpoxhixreEK+n504RIOQM0ahoYqaZHjlfzqZLCMdIgfwrU2juBUqEAfKnPaiwXMxbLHSMflTvsjegFaW2Ru1OS3nb7qfpRYLmctmfalFrz/8AWrZj0y7l4EWKcdFvBJsYoD7mlZD1MX7KB6/XNdZpX/CMW0cbmPdcqAS8+7IPtjiqa+Hpzy8yCl/sJR96cH6LSaTKjJxdzpJbq2ubYyWpkcHhfKJwT+NURAzruaOUN3JPNVLTRih/d3EyDvsOKutbFF2G6uX+sn+FYuk31OqOKstUT2sQZcrK6uPernnXUI+Y7lHdetZCRGAYjLDvyxP86u28srrtc596h0pIpYiLepox688a7QwGPU9KuxeJXCgPImfUGsYjYcuq/Uip47m2IwVQ1nsbNpq6NF/E0jOu2RQo681ci8QJJgM+PpWQbm1VeIVJ+lRC6ikcKtsAfXFFxWv0OtttXts8yn8RVibWLX+H9431rmobEXDDJwPY1tw2FpawZPHrnrQmyWkD3jzj5VwoqlNKH4Zt2O3arExDof4U7KO/1qsIeQqr1PHvT1JukVWmbdsRCewxXR6L4eO5bq+X3WM/1/wqbTdPhsyJpV3zdQMcL/8AXrUa9fHEbH8K6KdLrI5Kta+kSx9lg6iNR9OKcIUXoAKzmu7on5YvzNC3N13irfQ59TTxigiqaXUh6xGpRM5/gP5UwJip9abyKj82U9ENG6X+6aAJd1KDmoP3n900haUfwmgCyKKqedKP4DTDdyDrGaALtFZzX7g/6tqb/aD/APPNqAsalGBWb/aLf882pDqTD/lm1AGiVpMVnrqRJ5janf2iP7jflQBd49KMD0qCK6ST2qxkHvTATaPSnKBmkyPWlBGetAi+aSlPWipLCiiigAooooAKKKKACiiigAooooAKKKKACiiigAooooAKKKKACk70tZniLVk0Lw5qOquRi1t3kGe7Y+UficCgD5m+J+sf238QtVmVt0MDi1iwcjEfB/NtxrtvhDpJs9Ik1SVCHvpdqEj/AJZpkA/Qtu/KvLtF0e+8Ta9babb7nuryXDP1255dz7AZNfUcmh2+lWFlbWabbW1hWBB6BRwfxpT1QIp6nuitmZSQxIwRWMbyN51imO2RlOHxwfr+da+qSA2ar3DfnXLXciLdLuDEmMhQq57jNc85uMtDWEFJaly5tVkj8uWNWVuqsMg1ymp+D9OlJeOAwt6RnH6Vrw6m9ufLkWR4M/dK8r9P8K01eC+R5LZt6AcgjDKfcVpCopEyg4nmsnhIZIS4YezLmoG8ITj7s6n8K9CuLIH5h3qv5BXir1JPP28K3KfxoaiHhyffjYpOOxr0M2u4dKfbabnczL14FMDzZ9GuU/5ZH8GqE2dyn8D/AJivUZNLU/wiqzaKr/w0ageb7Jx/A340m+YDHlmvRf8AhHkP8NJ/wjUZ/goA86Mk+MBAKFW4cgZI/CvRP+EXjI4T9KI/DSxuCY8/hTEcPDp88nUtWpbaIxYFsn6mu0j0qJBgIPyqwmnIzAbRU2Y7nPW3h4th/u+1Xk0cL9a6BbJo+gOKnSBcfMtOwrnKnT3M7bSRjjNR3FnKkqMrDOOhHWurgtVIZsdTmmXVmu5cgc0rDucqLeeTquKmjsMckZrdNqF6CmGLFFhmZ5WxcAVH5Pc1qGHPamGGkBlGHLdKfFDtI4q95FPWH2p2FcgEO4EEZqE2Cbsjj2xWokftS+Vz0pSgpblRqSjszi9d1220C7iguraVllTcskYBHXBFRWXirRbttouPJY9pRt/+tU3xJ0wzaFFeqvzW0vJ/2W4/nivKduetT7CLRosRNbnt9nfRzNi2uVcgZwjg1rWzozh7qeRgP4e1ePeB70af4ts2J2pOTA5HHDdP1xX0bpGls9oGlQBWOfmHJFZPD66Mv6zpsZFtKl7MI7eNmPYV1FhpUdsBJIA8xHJ/u/SrkFrBbD9zCiepA5NTVtCly7mNSq5aIZ5a+gpdi+lO4p1amIwRj0pdi+lOpDQMbtA7UtFGaACjNFJQAhekLihmRRkkVnz3qq2FGaBXLxcU0snoKyZL2XHCGmfbZsfcNAGqSmelJ8npWOb+YH/Vmk+3zZ/1ZoA2giH+EU7yo/QVkpfy90NK+pMvG05oA1fKj9KYY4z2rK/tSQjiNqjOozn/AJZmgRreXHS8YxuNYxvrg/8ALM0ou7g/wGgDWLY/iNN3nd96s3z5u6mnC4dTypoA600UGikWFFFFABRRRQAUUUUAFFFFABRRRQAUUUUAFFFFABRRRQAUUUUAFYXjDw6nirwteaS0rRNKoaN1PR1OVyO4yOlbtJQBwPww8Ar4R0o3l/Gv9tXS/vjkHyU7Rqf1J7n6Cu8kRZY2RujDBp1FAHI6xbNA6ow7nn1rk7ncbuR/4VAQfzP9K7rxO3/HuPZj/KuLkX99OPcfyrjrfEdFLYzpaq7nhkEkMjRyDoynFX5Uz2qs0eaw2Ni7BrNvIixXaeTL2kA+Q/X0rRlsm2q+Plbv2rm5IdwwRkU2Ke/sR/oly4jH/LJvmQ/gf6V0Qr20kYyo3+E6H7OUPQ8VajAIxis+z8V2JdY76B7Q4wZPvIf6it6yl07Ud32K6gn29fLcEj8K6oyjLZnO4yW5W8kMOlKLbHatcWSjpkUGzIHBBqrE3MoW3tTxbD0rS+yuP4aPs7/3TQFzPFuPSnfZge1aAt2A+6aXymH8J/KgLmY1ip5xiiKyw4wa0zH6inwxdTigZSazIHByKa8IWFm9FNahUY6VBdIBA3vxTEZdvCRGPpTLyIlFPcGtOOP5aiuov3XI70hmPjimMmTVxosGkMftSsFyj5fNJ5VXTHz0o8rmiw7lHyaBDV7yval8hiOFNFhFJUp3l85q2LZu/FLKIbeIyzOqIOrOcAUDuZGtaeNQ0K+tduTJAwH1xkfrXz1jHB696+gLzxJj5NJ0+fUHIxuAKRj/AIEev4V4nrmnz6frV1BdW/kSb9/l5ztDcjmlGUW7Ibi1qzPtpWtriK4T78TrIv1Bz/SvsGyvUvtPtrxCNk8SyL9CAa+QAozX0z8Nrn+0fh/pMrtlo4zAcf7BK/yAp9RdDrfMX1o85B3pBAhpfIj/ALtMmww3SDvTGvox3qUwR/3RSeRGP4RQMgOop2B/Kk/tBf7rflVjyU/uijyk/uigNCv9vHZG/Kk+3N2jb8qs+WvpRsA7UCKn2uc9IjS+bdP/AAgVcwPSlx7UCKBt5pPvufwpwtKu4paAKJtj6U02x9Kv0lAzP+y+1J9lPpWjSfhQBnfZj6Uw2vP3a1PwpCB6UxGaLbH8NH2f/ZrSGPSnbVPagDJ8kj+Gl8v2rVMa+lN8pfSgDN2H0oEZJ+7WkY19KAi56UAaJ60UGkqSxaKKKACiiigAooooAKKKKACiiigAooooAKKKKACiiigAooooAKKKKACkpaSgDmvEjbruNf7sf8zXJn5jK/8Aec4/Dj+ldJrr5v5s9sKPwFc4MeSuO/NcdV+8dFNaFVl5qMpVoj2ppX2rE1KpjpPJB7Vb2c9KUJSGZ8likowyg1nXGgIx3Rgq3qDg10Pl/WkMLH+I0Ac6sniOxjEdtqd2sadFL7gPzzVpPGXimAASNBKF/vwDn8sVqtFKgyCGFR/u2+WRB+VWqs11E4RfQbH8SNQRl8/SIGAHOyVgT+YNSr8TiAN+jNnPOJ+35VGbK1k/hFQPosDdBV+3mT7KBrRfE2wZ8S6ZdovqrK3+FPPxL0kIxNlfbh90bV5/HPFc7JoKYyBVWTRANox3p/WJi9jA7G3+JGhygC4ivLc990QcfmproLPW9HvgotdStHZxuCiQBvyPNeUvo4HbNU5dGz/B+lNYl9UJ4ddD3FkYYOOPWq9x8yovq1eOWd1rmlsBZahdRKP4N5ZfyORXSQ+LvELxxh0s5mU5JeMru/KtliIdTN0JLY75Y8DrTZY90ZU1xieJ9dkbEhsoV/2ImY/mTRcapqsxXbqUiZH/ACzRBz+VH1iAvYyOqe056037J6tXGtqOtZBOrTZ6YEaf4UPqWsyAK2pTAD+4qL/Sl9YgHsJHZizXuSaR0t4F3SuiDuXYD+dcQWu5lxNeXkgH96Zv6YoWxgLbmiDH1YZP61LxK6IpUH1Z1M2u6NbHDXsJI/hjy5/TNZz+LreQMLPT7udgcZdRGv68/pVOOBVGFQAewpRB5d0r/wAMg2MP5GoeIl0KVGKGy6trFzwot7RT/cG9vzPH6VHHYedKJLqaW4YHI8xsgfh0q4UXrSCRU7is3OUt2WopbIuxWMxH7l0WvLfihpVxZ67bXk5DfaYcAg55Tj+RFemwaiEbGa5P4pGO90OwuFH7yGcqT7MP/rVdFpTRNS/KeTYr3j4KXvneEryzJ+a2uyRz2dQf5g14Tt4FeufA2fbfazaE/fhjlA+jEf1rtOU9mANOxSCloFcKMCjijI9aADFGKTcPWk8xR3oAdijFRm4jH8Qphu4h/EKAJ+KKpvqMK98/SozqkY/hb8qANDNJWWdW54jf8qP7VOOIn/KgDTNFY51SYniFqU6rIOsLUAa1LWT/AGt6xt+VP/tUf3G/KgDS4o4rLbVgP4G/KkXVl7qw/CgRqYFL0rPTU4W71ZS6jYcMKYFjNFQech6GnCZfWgCWkHWm+avqKUOuetIZfPWilIpMf5zSKCijH+c0Y/zmgAoox/nNGP8AOaACijH0/Olx/nNACUUuKMUAJRS4oxQAlFLRj6UAJRS4ooASilxRigBKKXH+c0Y/zmgBKKMf5zRj6fnQAUnelwf8mkbhGPoD3oA4vU5BJdzSdtxNZAj2xKD6VoXmdje9UnznpXDN3Z0x2ICtJtqXa3pS+W/92szQjCU/YKcI29KkEZ9KAItlLsHpUwjb0p3ln0oAr+Xmo5LVJB0q95R9KDEfSiwXMV7SSM5U8VH5kqetbhiJHIqKS03D7tTYq5lC7YdjSNdZYApnj0q49kw6LVY2rhidtLUegz7REfvIBR5kDdqDan+5TDbn+6aLsLIXFuTyBUqmBRgACoPs7f3TSfZ29DRcLIst5LDqKYEi3KQe/rUP2dvQ0qwNnABouwsiwI4uoNPCxj0qBLR2/iIqUWE3qTVXZNkP3RjoKPNA6KKcthLUyadJ3o1DQr+c3YCmu8jFBjguK0F07Hake0ZWjOOjinqK6KLK5OKYbZm9a2xZd8U/7LjtRYLmEmnsTnmszxdo81x4XvNoJMQEo4/u9f0zXZJGVbpVoxRXEMkEgBSRCjA+hGKuKs0yW7qx8yBa9F+Dkxi8W3SAcyWbBfwZTXDy2U0NzLF5TkI7L909ia6z4ZySWfj2wLxMqyiSIkrj7ynH6gV6D2OM983zHtR+/PoKnGfb86Dn2/OgRW8uc/x/pSeTNjmSrXPt+dLk+350CKv2Zz1kaj7H6u351YJNJ83+TQBB9ij7jNL9liH8IqfDe350uw/5NAEH2eL+6KX7PH/dFT+Wfb86XZ9PzoGV/syegpwtk/uip9pHp+dG0+350AQfZkH8IpptYz/CKs4+n50m0+350AVTaR/3RSi1j/uirO0/5NJtPt+dAiq1pGT90VGbJP7oq9tP+TRg+350wM77DH/dFH2GPHHH0q+Vz6fnTTH6fzoApCxAHDH86T7Ef75/Oru1h/8Aro5/yaAKa2bA/fb86lFsf7x/OrI/D86cvXt+dID/2Q==\" alt=\"\" width=\"300\" height=\"300\"></p>', '2024-06-21 04:51:35');
INSERT INTO `comments` (`id`, `product_id`, `user_id`, `content`, `created_at`) VALUES
(16, 3, 6, '<p>OK lắm hop</p>', '2024-07-11 09:50:50'),
(17, 7, 6, '<p>Sản phẩm tốt ạ</p>', '2024-07-17 22:49:14');

-- --------------------------------------------------------

--
-- Cấu trúc bảng cho bảng `comment_replies`
--

CREATE TABLE `comment_replies` (
  `id` int(11) NOT NULL,
  `comment_id` int(11) NOT NULL,
  `user_id` int(11) NOT NULL,
  `content` text NOT NULL,
  `created_at` datetime NOT NULL
) ENGINE=InnoDB DEFAULT CHARSET=utf8mb4 COLLATE=utf8mb4_general_ci;

--
-- Đang đổ dữ liệu cho bảng `comment_replies`
--

INSERT INTO `comment_replies` (`id`, `comment_id`, `user_id`, `content`, `created_at`) VALUES
(1, 2, 7, 'Cảm ơn bạn ạ', '2024-06-10 16:13:24');

-- --------------------------------------------------------

--
-- Cấu trúc bảng cho bảng `follow`
--

CREATE TABLE `follow` (
  `id` int(11) NOT NULL,
  `user_id` int(11) NOT NULL,
  `shop_id` int(11) NOT NULL,
  `status` int(11) NOT NULL
) ENGINE=InnoDB DEFAULT CHARSET=utf8mb4 COLLATE=utf8mb4_general_ci;

--
-- Đang đổ dữ liệu cho bảng `follow`
--

INSERT INTO `follow` (`id`, `user_id`, `shop_id`, `status`) VALUES
(9, 5, 1, 1);

-- --------------------------------------------------------

--
-- Cấu trúc bảng cho bảng `orders`
--

CREATE TABLE `orders` (
  `id` int(11) NOT NULL,
  `user_id` int(11) NOT NULL,
  `order_date` datetime NOT NULL,
  `total` decimal(10,2) NOT NULL,
  `payment_method` int(11) DEFAULT NULL,
  `status` int(11) NOT NULL
) ENGINE=InnoDB DEFAULT CHARSET=utf8mb4 COLLATE=utf8mb4_general_ci;

--
-- Đang đổ dữ liệu cho bảng `orders`
--

INSERT INTO `orders` (`id`, `user_id`, `order_date`, `total`, `payment_method`, `status`) VALUES
(1, 5, '2024-06-20 18:21:04', '270000.00', 1, 2),
(2, 5, '2024-06-20 18:23:51', '1435000.00', 1, 2),
(3, 5, '2024-06-21 18:00:32', '500000.00', 1, 2),
(4, 5, '2024-06-21 18:02:27', '1080000.00', 1, 2),
(5, 5, '2024-06-23 06:38:36', '1500000.00', 1, 2),
(6, 5, '2024-06-23 06:42:06', '587000.00', 1, 1),
(7, 5, '2024-06-23 06:43:20', '810000.00', 1, 1),
(8, 5, '2024-06-23 06:48:21', '810000.00', 1, 1),
(9, 5, '2024-07-01 00:55:06', '286000.00', 1, 1),
(10, 5, '2024-07-01 01:01:04', '250000.00', NULL, 1),
(11, 5, '2024-07-01 01:08:27', '250000.00', 1, 1),
(12, 5, '2024-07-01 01:15:01', '170000.00', NULL, 1),
(13, 5, '2024-07-01 01:27:28', '243000.00', 1, 1),
(14, 5, '2024-07-02 16:24:55', '560000.00', NULL, 1),
(15, 6, '2024-07-09 19:57:40', '2525000.00', 1, 2),
(16, 6, '2024-07-09 20:01:37', '137000.00', 1, 2),
(17, 6, '2024-07-09 20:04:50', '510000.00', NULL, 1),
(18, 6, '2024-07-09 20:11:27', '54000.00', 1, 1),
(19, 6, '2024-07-17 21:43:14', '486000.00', 1, 1),
(20, 6, '2024-07-17 21:47:47', '243000.00', NULL, 3),
(21, 6, '2024-07-17 23:37:13', '1250000.00', NULL, 1),
(22, 6, '2024-07-18 00:13:52', '581000.00', 1, 1),
(23, 6, '2024-07-18 00:23:23', '625000.00', 1, 1),
(24, 6, '2024-07-18 00:25:42', '250000.00', 1, 1);

-- --------------------------------------------------------

--
-- Cấu trúc bảng cho bảng `order_detail`
--

CREATE TABLE `order_detail` (
  `id` int(11) NOT NULL,
  `order_id` int(11) NOT NULL,
  `product_id` int(11) NOT NULL,
  `quantity` int(11) NOT NULL,
  `price` decimal(10,2) NOT NULL
) ENGINE=InnoDB DEFAULT CHARSET=utf8mb4 COLLATE=utf8mb4_general_ci;

--
-- Đang đổ dữ liệu cho bảng `order_detail`
--

INSERT INTO `order_detail` (`id`, `order_id`, `product_id`, `quantity`, `price`) VALUES
(1, 1, 3, 1, '270000.00'),
(2, 2, 5, 3, '125000.00'),
(3, 2, 4, 2, '250000.00'),
(4, 2, 10, 1, '560000.00'),
(5, 3, 1, 2, '250000.00'),
(6, 4, 3, 3, '270000.00'),
(7, 5, 3, 4, '270000.00'),
(8, 5, 5, 2, '125000.00'),
(9, 5, 2, 1, '170000.00'),
(10, 6, 10, 1, '560000.00'),
(11, 6, 8, 1, '27000.00'),
(12, 7, 1, 1, '250000.00'),
(13, 7, 10, 1, '560000.00'),
(14, 13, 3, 1, '243000.00'),
(15, 14, 10, 1, '560000.00'),
(16, 15, 3, 5, '243000.00'),
(17, 15, 10, 1, '560000.00'),
(18, 15, 4, 3, '250000.00'),
(19, 16, 5, 1, '125000.00'),
(20, 16, 7, 1, '12000.00'),
(21, 17, 2, 3, '170000.00'),
(22, 18, 8, 2, '54000.00'),
(23, 19, 3, 2, '486000.00'),
(24, 20, 3, 1, '243000.00'),
(25, 21, 4, 5, '1250000.00'),
(26, 22, 8, 3, '81000.00'),
(27, 22, 1, 2, '500000.00'),
(28, 23, 5, 5, '625000.00'),
(29, 24, 5, 2, '250000.00');

-- --------------------------------------------------------

--
-- Cấu trúc bảng cho bảng `products`
--

CREATE TABLE `products` (
  `product_id` int(11) NOT NULL,
  `product_code` varchar(12) NOT NULL,
  `product_name` varchar(50) NOT NULL,
  `product_price` double NOT NULL,
  `product_image` varchar(30) DEFAULT NULL,
  `detail` text NOT NULL,
  `describe` text NOT NULL,
  `product_quantity` int(11) NOT NULL,
  `discount` int(11) DEFAULT NULL,
  `discount_start_date` date DEFAULT NULL,
  `discount_end_date` date DEFAULT NULL,
  `cate_id` int(11) NOT NULL,
  `shop_id` int(11) NOT NULL,
  `status` int(11) NOT NULL
) ENGINE=InnoDB DEFAULT CHARSET=utf8mb4 COLLATE=utf8mb4_general_ci;

--
-- Đang đổ dữ liệu cho bảng `products`
--

INSERT INTO `products` (`product_id`, `product_code`, `product_name`, `product_price`, `product_image`, `detail`, `describe`, `product_quantity`, `discount`, `discount_start_date`, `discount_end_date`, `cate_id`, `shop_id`, `status`) VALUES
(1, 'TTEEX5', 'Lap top 1', 250000, '/images/h1.jpg', 'Chi tiết sản phẩm 1', 'Đây là sản phẩm Laptop1 ', 24, 0, '0000-00-00', NULL, 2, 1, 2),
(2, 'TX37CC', 'Laptop2', 170000, '/images/h2.jpg', 'Chi tiết sản phẩm 2', 'Đây là sản phẩm Laptop2', 10, 0, '0000-00-00', NULL, 3, 13, 1),
(3, 'TT2CJTG', 'Balo Nam', 270000, '/images/h3.jpg', 'Chi tiết sản phẩm 3', 'Đây là sản phẩm Balo dành cho Nam với thiết kế sang trong, quý phái', 11, 0, '2024-06-27', '2024-07-12', 5, 1, 1),
(4, 'JCTT57RR', 'Balo Nữ JK', 250000, '/images/h4.jpg', 'Chi tiết sản phẩm 4', 'Đây là thiết kế Balo sang trọng, quý phái giành cho nữ đến từ JK', 21, 0, '0000-00-00', NULL, 4, 13, 1),
(5, 'GAOTT5K', 'Gạo ST5K', 125000, '/images/h5.jpg', 'Chi tiết sản phẩm 5', 'Đây là Gạo được công nhận ngon nhất thế giới 2019 đến từ Sóc Trăng', 119, 0, '0000-00-00', NULL, 6, 13, 1),
(6, 'GATYU67', 'Gà Ủ muối', 25000, '/images/h6.jpg', 'Chi tiết sản phẩm 6', 'Gà Ủ muối siêu ngon', 15, 0, '0000-00-00', NULL, 6, 13, 1),
(7, 'TLUYH6', 'Nước tăng lực SB', 12000, '/images/h7.jpg', 'Chi tiêt sản phẩm 7', 'Nước tăng lực với nhiều thành phần dinh dưỡng', 25, 0, '0000-00-00', NULL, 2, 13, 1),
(8, 'HT6YUI', 'Phiểu hút cho nữ', 27000, '/images/h8.jpg', 'Chi tiết sản phẩm 8', 'Đây là sản phẩm phiểu hút của công ty JK', 8, 0, '0000-00-00', NULL, 2, 13, 1),
(10, 'HTYI76', 'Xe điều khiển', 560000, '/images/h12.jpg', 'Xe điều khiển F1 ', 'Thiết kế với vận tốc 16km/h', 33, 0, '0000-00-00', NULL, 2, 1, 2);

-- --------------------------------------------------------

--
-- Cấu trúc bảng cho bảng `product_attributes`
--

CREATE TABLE `product_attributes` (
  `id` int(11) NOT NULL,
  `name` varchar(50) NOT NULL,
  `product_id` int(11) DEFAULT NULL
) ENGINE=InnoDB DEFAULT CHARSET=utf8mb4 COLLATE=utf8mb4_general_ci;

--
-- Đang đổ dữ liệu cho bảng `product_attributes`
--

INSERT INTO `product_attributes` (`id`, `name`, `product_id`) VALUES
(1, 'Màu sắc', 3);

-- --------------------------------------------------------

--
-- Cấu trúc bảng cho bảng `product_attribute_values`
--

CREATE TABLE `product_attribute_values` (
  `id` int(11) NOT NULL,
  `value` varchar(50) NOT NULL,
  `attribute_id` int(11) NOT NULL
) ENGINE=InnoDB DEFAULT CHARSET=utf8mb4 COLLATE=utf8mb4_general_ci;

--
-- Đang đổ dữ liệu cho bảng `product_attribute_values`
--

INSERT INTO `product_attribute_values` (`id`, `value`, `attribute_id`) VALUES
(1, 'Cam', 1),
(2, 'Xanh', 1);

-- --------------------------------------------------------

--
-- Cấu trúc bảng cho bảng `shop`
--

CREATE TABLE `shop` (
  `id` int(11) NOT NULL,
  `shop_name` varchar(255) NOT NULL,
  `logo_shop` varchar(255) DEFAULT NULL,
  `des_shop` text NOT NULL,
  `address_shop` varchar(255) NOT NULL,
  `email` varchar(255) NOT NULL,
  `phone` varchar(13) NOT NULL,
  `business_type` int(11) NOT NULL,
  `tax_id` varchar(50) NOT NULL,
  `sm_id` int(11) NOT NULL,
  `user_id` int(11) NOT NULL,
  `business_license` varchar(255) DEFAULT NULL,
  `status` int(11) DEFAULT NULL
) ENGINE=InnoDB DEFAULT CHARSET=utf8mb4 COLLATE=utf8mb4_general_ci;

--
-- Đang đổ dữ liệu cho bảng `shop`
--

INSERT INTO `shop` (`id`, `shop_name`, `logo_shop`, `des_shop`, `address_shop`, `email`, `phone`, `business_type`, `tax_id`, `sm_id`, `user_id`, `business_license`, `status`) VALUES
(1, 'KQShop', '/images/logo1.jfif', 'Đây là Shop chuyên kinh doanh thú cưng và các sản phẩm liên quan', 'Dân Thành, Duyên Hải, Trà Vinh', 'saleboook@gmail.com', '0922311427', 2, '345677888', 2, 3, '/images/h11.jpg', 3),
(4, 'SeleBook', '/images/logo2.jfif', 'Đây là Shop bán các loại sách cũ giá rẽ', 'Bến Tre', 'khanhankhanhquy123@gmail.com', '0922577263', 3, '2274374', 2, 3, '/images/gpkd.jpg', 1),
(8, 'HomeShop', '/images/logo3.png', 'Shop bán quần áo', 'Vĩnh Long', 'kiki7384484@gmail.com', '092278484', 3, '38838484949', 1, 3, '/images/h2.jpg', 2),
(9, 'HomeShop', '/images/logo5.jfif', 'Shop bán quần áo', 'Vĩnh Long', 'kiki7384484@gmail.com', '092278484', 3, '38838484949', 1, 3, '/images/h3.jpg', 2),
(10, 'CarShop', '/images/logo6.jfif', 'Đây là shop bán xe hơi', 'Duyên hải', 'Cartshop8383@gmail.com', '0922577344', 2, '75488389393', 1, 3, 'images/h3.jpg', 1),
(11, 'Hoa quả shop', '/images/logo7.jfif', 'Shop bán laptop', 'Bến Tre ', 'lamq9797@gmail.com', '0945584855 ', 2, '2355566666', 3, 3, '/images/h3.jpg', 2),
(13, 'TextShop', '/images/logo8.png', 'Shop chuyên bán Balo', 'Cầu Kè', 'textshop7484@gmail.com', '0974888727', 2, '773388474', 2, 3, '', 4),
(14, 'Templahop', '/images/logo9.jfif', 'Shop chuyên bán sản phẩm thú cưng', 'Bến Tre ', 'nailiu@gmail.com', '0945584855 ', 3, '75488389393 ', 2, 5, '', 1),
(15, 'FFShop', '/images/logo10.jfif', 'Shop bán đồ điệnt ử', 'Trà Vinh ', 'gggggg@gmail.com', '0965134418 ', 2, '2234457575 ', 2, 3, '/images/h11.jpg', 1),
(16, 'LiLIShop', '/images/logo11png.png', 'Yihhd', 'gggggg ', 'lamq@gmail.com', '0965134418 ', 3, '75488389393 ', 2, 7, '', 2);

-- --------------------------------------------------------

--
-- Cấu trúc bảng cho bảng `shop_orders`
--

CREATE TABLE `shop_orders` (
  `id` int(11) NOT NULL,
  `shop_id` int(11) NOT NULL,
  `order_id` int(11) NOT NULL,
  `payment` varchar(255) DEFAULT NULL,
  `total` decimal(10,2) NOT NULL,
  `status` tinyint(1) NOT NULL
) ENGINE=InnoDB DEFAULT CHARSET=utf8mb4 COLLATE=utf8mb4_general_ci;

--
-- Đang đổ dữ liệu cho bảng `shop_orders`
--

INSERT INTO `shop_orders` (`id`, `shop_id`, `order_id`, `payment`, `total`, `status`) VALUES
(8, 1, 8, '1', '810000.00', 3),
(9, 13, 9, '1', '36000.00', 1),
(10, 1, 9, '1', '250000.00', 3),
(11, 13, 10, '', '250000.00', 1),
(12, 13, 11, '1', '250000.00', 1),
(13, 13, 12, '', '170000.00', 1),
(14, 13, 13, '1', '243000.00', 1),
(15, 1, 14, '', '560000.00', 3),
(16, 13, 15, '1', '1215000.00', 1),
(17, 1, 15, '1', '560000.00', 1),
(18, 13, 15, '1', '750000.00', 1),
(19, 13, 16, '1', '137000.00', 1),
(20, 13, 17, '', '510000.00', 1),
(21, 13, 18, '1', '54000.00', 1),
(22, 13, 19, '1', '486000.00', 1),
(23, 1, 20, '', '243000.00', 3),
(24, 13, 21, '', '1250000.00', 1),
(25, 13, 22, '1', '81000.00', 1),
(26, 1, 22, '1', '500000.00', 1),
(27, 13, 23, '1', '625000.00', 1),
(28, 13, 24, '1', '250000.00', 1);

-- --------------------------------------------------------

--
-- Cấu trúc bảng cho bảng `shop_order_details`
--

CREATE TABLE `shop_order_details` (
  `id` int(11) NOT NULL,
  `shop_order_id` int(11) NOT NULL,
  `product_name` varchar(255) NOT NULL,
  `quantity` int(11) NOT NULL,
  `price` decimal(10,2) NOT NULL
) ENGINE=InnoDB DEFAULT CHARSET=utf8mb4 COLLATE=utf8mb4_general_ci;

--
-- Đang đổ dữ liệu cho bảng `shop_order_details`
--

INSERT INTO `shop_order_details` (`id`, `shop_order_id`, `product_name`, `quantity`, `price`) VALUES
(8, 8, 'Lap top 1', 1, '250000.00'),
(9, 8, 'Xe điều khiển', 1, '560000.00'),
(10, 9, 'Nước tăng lực SB', 3, '12000.00'),
(11, 10, 'Lap top 1', 1, '250000.00'),
(12, 11, 'Gạo ST5K', 2, '125000.00'),
(13, 12, 'Balo Nữ JK', 1, '250000.00'),
(14, 13, 'Laptop2', 1, '170000.00'),
(15, 14, 'Balo Nam', 1, '243000.00'),
(16, 15, 'Xe điều khiển', 1, '560000.00'),
(17, 16, 'Balo Nam', 5, '243000.00'),
(18, 17, 'Xe điều khiển', 1, '560000.00'),
(19, 18, 'Balo Nữ JK', 3, '250000.00'),
(20, 19, 'Gạo ST5K', 1, '125000.00'),
(21, 19, 'Nước tăng lực SB', 1, '12000.00'),
(22, 20, 'Laptop2', 3, '170000.00'),
(23, 21, 'Phiểu hút cho nữ', 2, '27000.00'),
(24, 22, 'Balo Nam', 2, '243000.00'),
(25, 23, 'Balo Nam', 1, '243000.00'),
(26, 24, 'Balo Nữ JK', 5, '250000.00'),
(27, 25, 'Phiểu hút cho nữ', 3, '27000.00'),
(28, 26, 'Lap top 1', 2, '250000.00'),
(29, 27, 'Gạo ST5K', 5, '125000.00'),
(30, 28, 'Gạo ST5K', 2, '125000.00');

-- --------------------------------------------------------

--
-- Cấu trúc bảng cho bảng `tai_khoan`
--

CREATE TABLE `tai_khoan` (
  `id` int(12) NOT NULL,
  `ten_dang_nhap` int(11) NOT NULL,
  `mat_khau` int(11) NOT NULL,
  `ho_ten` int(11) NOT NULL,
  `so_dien_thoai` int(11) NOT NULL,
  `email` int(11) NOT NULL,
  `trang_thai` int(11) NOT NULL
) ENGINE=InnoDB DEFAULT CHARSET=utf8mb4 COLLATE=utf8mb4_general_ci;

-- --------------------------------------------------------

--
-- Cấu trúc bảng cho bảng `users`
--

CREATE TABLE `users` (
  `user_id` int(11) NOT NULL,
  `username` varchar(50) NOT NULL,
  `password` varchar(50) NOT NULL,
  `fullname` varchar(50) NOT NULL,
  `email` varchar(255) NOT NULL,
  `address` varchar(255) NOT NULL,
  `phone` varchar(12) NOT NULL,
  `role` int(11) NOT NULL,
  `status` int(11) NOT NULL
) ENGINE=InnoDB DEFAULT CHARSET=utf8mb4 COLLATE=utf8mb4_general_ci;

--
-- Đang đổ dữ liệu cho bảng `users`
--

INSERT INTO `users` (`user_id`, `username`, `password`, `fullname`, `email`, `address`, `phone`, `role`, `status`) VALUES
(3, 'KhanhQuy', '12345', 'Lâm Khánh Quy', 'khanhquy1919@gmail.com', 'Trà Vinh', '0965134418', 3, 1),
(4, 'NgocNhu', '12345', 'Lê Ngọc Như', 'ngocnhu2702@gmail.com', 'Trà Vinh', '0922533727', 0, 0),
(5, 'ThanhPhat', '12345', 'Vương Thành Phát', 'thanhphat@gmail.com', 'Hiệp Mỹ Tây, Cầu Ngang, tỉnh Trà Vinh', '092284959', 1, 0),
(6, 'NguyenAn', '12345', 'Nguyễn Văn An', 'vannnnguyen@gmail.com', 'Bến Tre', '092274687', 1, 0),
(7, 'HoangAnh', '12345', 'Lê Hoàng Anh', 'hoanganh1838@gmail.com', 'Trà Vinh', '097733345', 3, 0),
(8, 'VyVy', '12345', 'Thái Vy Vy', 'vyvy2759@gmail.com', 'Ấp Mù U, xã Dân Thành, Tx Duyên Hải, Trà Vinh', '0957334756', 1, 0);

-- --------------------------------------------------------

--
-- Cấu trúc bảng cho bảng `voucher`
--

CREATE TABLE `voucher` (
  `id` int(11) NOT NULL,
  `voucher_code` varchar(255) NOT NULL,
  `description` text DEFAULT NULL,
  `usage_limit` int(11) DEFAULT NULL,
  `discount_percentage` decimal(5,2) NOT NULL,
  `min_order_amount` decimal(10,2) DEFAULT NULL,
  `start_date` date NOT NULL,
  `end_date` date NOT NULL,
  `used_count` int(11) DEFAULT NULL,
  `status` int(11) NOT NULL
) ENGINE=InnoDB DEFAULT CHARSET=utf8mb4 COLLATE=utf8mb4_general_ci;

--
-- Đang đổ dữ liệu cho bảng `voucher`
--

INSERT INTO `voucher` (`id`, `voucher_code`, `description`, `usage_limit`, `discount_percentage`, `min_order_amount`, `start_date`, `end_date`, `used_count`, `status`) VALUES
(1, 'TYUIJ6', 'Giảm 8% giá trị đơn hàng\r\n', 15, '8.00', '250000.00', '2024-06-07', '2024-06-21', 0, 1),
(2, 'TKHYJ56', 'Giảm 10% giá trị đơn hàng ', 7, '10.00', '500000.00', '2024-07-12', '2024-07-25', NULL, 1);

--
-- Chỉ mục cho các bảng đã đổ
--

--
-- Chỉ mục cho bảng `categories`
--
ALTER TABLE `categories`
  ADD PRIMARY KEY (`id`),
  ADD KEY `rb1` (`p_id`);

--
-- Chỉ mục cho bảng `check_voucher`
--
ALTER TABLE `check_voucher`
  ADD PRIMARY KEY (`id`),
  ADD KEY `hhh` (`order_id`),
  ADD KEY `hhk` (`user_id`),
  ADD KEY `hhj` (`voucher_id`);

--
-- Chỉ mục cho bảng `comments`
--
ALTER TABLE `comments`
  ADD PRIMARY KEY (`id`),
  ADD KEY `product_id` (`product_id`),
  ADD KEY `user_id` (`user_id`);

--
-- Chỉ mục cho bảng `comment_replies`
--
ALTER TABLE `comment_replies`
  ADD PRIMARY KEY (`id`),
  ADD KEY `comment_id` (`comment_id`),
  ADD KEY `user_id` (`user_id`);

--
-- Chỉ mục cho bảng `follow`
--
ALTER TABLE `follow`
  ADD PRIMARY KEY (`id`),
  ADD KEY `fk_follow_user_id` (`user_id`),
  ADD KEY `fk_fllow_shop_id` (`shop_id`);

--
-- Chỉ mục cho bảng `orders`
--
ALTER TABLE `orders`
  ADD PRIMARY KEY (`id`),
  ADD KEY `fk_orders_user_id` (`user_id`);

--
-- Chỉ mục cho bảng `order_detail`
--
ALTER TABLE `order_detail`
  ADD PRIMARY KEY (`id`),
  ADD KEY `fk_order_detail_order_id` (`order_id`),
  ADD KEY `fk_orders_product_id` (`product_id`);

--
-- Chỉ mục cho bảng `products`
--
ALTER TABLE `products`
  ADD PRIMARY KEY (`product_id`),
  ADD KEY `rb2` (`cate_id`),
  ADD KEY `rb3` (`shop_id`);

--
-- Chỉ mục cho bảng `product_attributes`
--
ALTER TABLE `product_attributes`
  ADD PRIMARY KEY (`id`),
  ADD KEY `product_id` (`product_id`);

--
-- Chỉ mục cho bảng `product_attribute_values`
--
ALTER TABLE `product_attribute_values`
  ADD PRIMARY KEY (`id`),
  ADD KEY `attribute_id` (`attribute_id`);

--
-- Chỉ mục cho bảng `shop`
--
ALTER TABLE `shop`
  ADD PRIMARY KEY (`id`),
  ADD KEY `rb4` (`user_id`);

--
-- Chỉ mục cho bảng `shop_orders`
--
ALTER TABLE `shop_orders`
  ADD PRIMARY KEY (`id`),
  ADD KEY `shop_id` (`shop_id`),
  ADD KEY `order_id` (`order_id`);

--
-- Chỉ mục cho bảng `shop_order_details`
--
ALTER TABLE `shop_order_details`
  ADD PRIMARY KEY (`id`),
  ADD KEY `shop_order_id` (`shop_order_id`);

--
-- Chỉ mục cho bảng `tai_khoan`
--
ALTER TABLE `tai_khoan`
  ADD PRIMARY KEY (`id`);

--
-- Chỉ mục cho bảng `users`
--
ALTER TABLE `users`
  ADD PRIMARY KEY (`user_id`);

--
-- Chỉ mục cho bảng `voucher`
--
ALTER TABLE `voucher`
  ADD PRIMARY KEY (`id`),
  ADD UNIQUE KEY `voucher_code` (`voucher_code`);

--
-- AUTO_INCREMENT cho các bảng đã đổ
--

--
-- AUTO_INCREMENT cho bảng `categories`
--
ALTER TABLE `categories`
  MODIFY `id` int(11) NOT NULL AUTO_INCREMENT, AUTO_INCREMENT=27;

--
-- AUTO_INCREMENT cho bảng `check_voucher`
--
ALTER TABLE `check_voucher`
  MODIFY `id` int(11) NOT NULL AUTO_INCREMENT;

--
-- AUTO_INCREMENT cho bảng `comments`
--
ALTER TABLE `comments`
  MODIFY `id` int(11) NOT NULL AUTO_INCREMENT, AUTO_INCREMENT=18;

--
-- AUTO_INCREMENT cho bảng `comment_replies`
--
ALTER TABLE `comment_replies`
  MODIFY `id` int(11) NOT NULL AUTO_INCREMENT, AUTO_INCREMENT=2;

--
-- AUTO_INCREMENT cho bảng `follow`
--
ALTER TABLE `follow`
  MODIFY `id` int(11) NOT NULL AUTO_INCREMENT, AUTO_INCREMENT=15;

--
-- AUTO_INCREMENT cho bảng `orders`
--
ALTER TABLE `orders`
  MODIFY `id` int(11) NOT NULL AUTO_INCREMENT, AUTO_INCREMENT=25;

--
-- AUTO_INCREMENT cho bảng `order_detail`
--
ALTER TABLE `order_detail`
  MODIFY `id` int(11) NOT NULL AUTO_INCREMENT, AUTO_INCREMENT=30;

--
-- AUTO_INCREMENT cho bảng `products`
--
ALTER TABLE `products`
  MODIFY `product_id` int(11) NOT NULL AUTO_INCREMENT, AUTO_INCREMENT=11;

--
-- AUTO_INCREMENT cho bảng `product_attributes`
--
ALTER TABLE `product_attributes`
  MODIFY `id` int(11) NOT NULL AUTO_INCREMENT, AUTO_INCREMENT=2;

--
-- AUTO_INCREMENT cho bảng `product_attribute_values`
--
ALTER TABLE `product_attribute_values`
  MODIFY `id` int(11) NOT NULL AUTO_INCREMENT, AUTO_INCREMENT=3;

--
-- AUTO_INCREMENT cho bảng `shop`
--
ALTER TABLE `shop`
  MODIFY `id` int(11) NOT NULL AUTO_INCREMENT, AUTO_INCREMENT=18;

--
-- AUTO_INCREMENT cho bảng `shop_orders`
--
ALTER TABLE `shop_orders`
  MODIFY `id` int(11) NOT NULL AUTO_INCREMENT, AUTO_INCREMENT=29;

--
-- AUTO_INCREMENT cho bảng `shop_order_details`
--
ALTER TABLE `shop_order_details`
  MODIFY `id` int(11) NOT NULL AUTO_INCREMENT, AUTO_INCREMENT=31;

--
-- AUTO_INCREMENT cho bảng `users`
--
ALTER TABLE `users`
  MODIFY `user_id` int(11) NOT NULL AUTO_INCREMENT, AUTO_INCREMENT=9;

--
-- AUTO_INCREMENT cho bảng `voucher`
--
ALTER TABLE `voucher`
  MODIFY `id` int(11) NOT NULL AUTO_INCREMENT, AUTO_INCREMENT=3;

--
-- Các ràng buộc cho các bảng đã đổ
--

--
-- Các ràng buộc cho bảng `categories`
--
ALTER TABLE `categories`
  ADD CONSTRAINT `rb1` FOREIGN KEY (`p_id`) REFERENCES `categories` (`id`);

--
-- Các ràng buộc cho bảng `check_voucher`
--
ALTER TABLE `check_voucher`
  ADD CONSTRAINT `hhh` FOREIGN KEY (`order_id`) REFERENCES `orders` (`id`),
  ADD CONSTRAINT `hhj` FOREIGN KEY (`voucher_id`) REFERENCES `voucher` (`id`),
  ADD CONSTRAINT `hhk` FOREIGN KEY (`user_id`) REFERENCES `users` (`user_id`);

--
-- Các ràng buộc cho bảng `comments`
--
ALTER TABLE `comments`
  ADD CONSTRAINT `comments_ibfk_1` FOREIGN KEY (`product_id`) REFERENCES `products` (`product_id`),
  ADD CONSTRAINT `comments_ibfk_2` FOREIGN KEY (`user_id`) REFERENCES `users` (`user_id`);

--
-- Các ràng buộc cho bảng `comment_replies`
--
ALTER TABLE `comment_replies`
  ADD CONSTRAINT `comment_replies_ibfk_1` FOREIGN KEY (`comment_id`) REFERENCES `comments` (`id`) ON DELETE CASCADE,
  ADD CONSTRAINT `comment_replies_ibfk_2` FOREIGN KEY (`user_id`) REFERENCES `users` (`user_id`) ON DELETE CASCADE;

--
-- Các ràng buộc cho bảng `follow`
--
ALTER TABLE `follow`
  ADD CONSTRAINT `fk_fllow_shop_id` FOREIGN KEY (`shop_id`) REFERENCES `shop` (`id`),
  ADD CONSTRAINT `fk_follow_user_id` FOREIGN KEY (`user_id`) REFERENCES `users` (`user_id`);

--
-- Các ràng buộc cho bảng `orders`
--
ALTER TABLE `orders`
  ADD CONSTRAINT `fk_orders_user_id` FOREIGN KEY (`user_id`) REFERENCES `users` (`user_id`);

--
-- Các ràng buộc cho bảng `order_detail`
--
ALTER TABLE `order_detail`
  ADD CONSTRAINT `fk_order_detail_order_id` FOREIGN KEY (`order_id`) REFERENCES `orders` (`id`),
  ADD CONSTRAINT `fk_orders_product_id` FOREIGN KEY (`product_id`) REFERENCES `products` (`product_id`);

--
-- Các ràng buộc cho bảng `products`
--
ALTER TABLE `products`
  ADD CONSTRAINT `rb2` FOREIGN KEY (`cate_id`) REFERENCES `categories` (`id`),
  ADD CONSTRAINT `rb3` FOREIGN KEY (`shop_id`) REFERENCES `shop` (`id`);

--
-- Các ràng buộc cho bảng `product_attributes`
--
ALTER TABLE `product_attributes`
  ADD CONSTRAINT `product_attributes_ibfk_1` FOREIGN KEY (`product_id`) REFERENCES `products` (`product_id`);

--
-- Các ràng buộc cho bảng `product_attribute_values`
--
ALTER TABLE `product_attribute_values`
  ADD CONSTRAINT `product_attribute_values_ibfk_1` FOREIGN KEY (`attribute_id`) REFERENCES `product_attributes` (`id`);

--
-- Các ràng buộc cho bảng `shop`
--
ALTER TABLE `shop`
  ADD CONSTRAINT `rb4` FOREIGN KEY (`user_id`) REFERENCES `users` (`user_id`);

--
-- Các ràng buộc cho bảng `shop_orders`
--
ALTER TABLE `shop_orders`
  ADD CONSTRAINT `shop_orders_ibfk_1` FOREIGN KEY (`shop_id`) REFERENCES `shop` (`id`),
  ADD CONSTRAINT `shop_orders_ibfk_2` FOREIGN KEY (`order_id`) REFERENCES `orders` (`id`);

--
-- Các ràng buộc cho bảng `shop_order_details`
--
ALTER TABLE `shop_order_details`
  ADD CONSTRAINT `shop_order_details_ibfk_1` FOREIGN KEY (`shop_order_id`) REFERENCES `shop_orders` (`id`);
COMMIT;

/*!40101 SET CHARACTER_SET_CLIENT=@OLD_CHARACTER_SET_CLIENT */;
/*!40101 SET CHARACTER_SET_RESULTS=@OLD_CHARACTER_SET_RESULTS */;
/*!40101 SET COLLATION_CONNECTION=@OLD_COLLATION_CONNECTION */;
